order_id,customer_id,restaurant_id,order_date,order_amount,order_status
ORD0000001,C10013,R1043,2026-01-01 13:00:15,309.59,CANCELLED
ORD0000002,C10119,R1005,2026-01-01 14:16:47,469.15,DELIVERED
ORD0000003,C10030,R1020,2026-01-01 19:45:41,149.84,DELIVERED
ORD0000004,C10004,R1008,2026-01-03 14:49:42,455.08,DELIVERED
ORD0000005,C10010,R1041,2026-01-03 22:41:22,636.52,DELIVERED
ORD0000006,C10041,R1044,2026-01-04 20:49:08,110.66,DELIVERED
ORD0000007,C10079,R1013,2026-01-06 07:32:45,1022.44,DELIVERED
ORD0000008,C10026,R1019,2026-01-06 12:09:21,905.43,DELIVERED
ORD0000009,C10050,R1010,2026-01-06 12:17:24,1016.10,DELIVERED
ORD0000010,C10108,R1046,2026-01-07 17:49:24,1160.81,DELIVERED
ORD0000011,C10124,R1005,2026-01-07 22:17:30,428.94,DELIVERED
ORD0000012,C10098,R1007,2026-01-08 21:08:37,608.39,DELIVERED
ORD0000013,C10114,R1050,2026-01-09 08:21:58,264.01,DELIVERED
ORD0000014,C10042,R1003,2026-01-10 21:01:17,519.19,DELIVERED
ORD0000015,C10138,R1044,2026-01-13 14:57:09,867.85,DELIVERED
ORD0000016,C10049,R1048,2026-01-13 15:18:57,592.14,DELIVERED
ORD0000017,C10102,R1043,2026-01-13 15:24:46,923.22,DELIVERED
ORD0000018,C10081,R1002,2026-01-13 21:22:21,387.62,DELIVERED
ORD0000019,C10032,R1003,2026-01-13 21:22:34,937.62,DELIVERED
ORD0000020,C10060,R1029,2026-01-15 13:18:15,751.24,DELIVERED
ORD0000021,C10059,R1042,2026-01-15 16:44:04,898.91,DELIVERED
ORD0000022,C10013,R1036,2026-01-17 14:07:34,478.77,DELIVERED
ORD0000023,C10026,R1003,2026-01-17 18:56:32,816.39,DELIVERED
ORD0000024,C10029,R1036,2026-01-18 11:32:55,354.44,DELIVERED
ORD0000025,C10060,R1005,2026-01-18 15:42:31,596.37,DELIVERED
ORD0000026,C10029,R1017,2026-01-19 01:16:34,1014.21,DELIVERED
ORD0000027,C10151,R1049,2026-01-19 09:13:59,926.47,DELIVERED
ORD0000028,C10076,R1003,2026-01-19 15:26:02,816.71,DELIVERED
ORD0000029,C10011,R1007,2026-01-21 08:27:44,692.37,DELIVERED
ORD0000030,C10131,R1001,2026-01-21 22:38:47,368.58,DELIVERED
ORD0000031,C10076,R1019,2026-01-23 02:53:51,609.91,DELIVERED
ORD0000032,C10004,R1045,2026-01-23 19:57:15,327.28,DELIVERED
ORD0000033,C10151,R1008,2026-01-24 10:38:42,433.39,DELIVERED
ORD0000034,C10081,R1032,2026-01-24 16:57:56,655.02,DELIVERED
ORD0000035,C10120,R1032,2026-01-26 13:35:15,738.11,DELIVERED
ORD0000036,C10112,R1037,2026-01-26 15:52:02,365.22,DELIVERED
ORD0000037,C10112,R1004,2026-01-27 20:17:01,661.91,DELIVERED
ORD0000038,C10138,R1019,2026-01-29 00:07:03,284.80,CANCELLED
ORD0000039,C10115,R1035,2026-01-29 12:29:37,471.08,DELIVERED
ORD0000040,C10010,R1013,2026-01-30 12:01:25,884.80,DELIVERED
ORD0000041,C10016,R1017,2026-01-30 16:18:44,777.08,DELIVERED
ORD0000042,C10101,R1040,2026-02-02 13:30:37,495.40,DELIVERED
ORD0000043,C10129,R1014,2026-02-02 14:45:12,313.38,DELIVERED
ORD0000044,C10095,R1028,2026-02-03 14:29:22,906.83,DELIVERED
ORD0000045,C10057,R1002,2026-02-03 22:01:46,600.32,DELIVERED
ORD0000046,C10066,R1029,2026-02-04 11:32:50,451.90,DELIVERED
ORD0000047,C10038,R1032,2026-02-04 13:35:06,925.72,DELIVERED
ORD0000048,C10151,R1014,2026-02-04 18:43:44,856.89,DELIVERED
ORD0000049,C10135,R1040,2026-02-05 11:26:26,753.16,DELIVERED
ORD0000050,C10136,R1013,2026-02-06 15:28:19,171.31,DELIVERED
ORD0000051,C10016,R1017,2026-02-07 05:05:10,742.15,DELIVERED
ORD0000052,C10141,R1041,2026-02-07 21:45:38,649.79,DELIVERED
ORD0000053,C10080,R1042,2026-02-08 21:09:29,473.97,DELIVERED
ORD0000054,C10142,R1022,2026-02-09 12:55:42,473.88,DELIVERED
ORD0000055,C10044,R1032,2026-02-09 14:04:27,300.38,DELIVERED
ORD0000056,C10024,R1013,2026-02-09 18:04:33,719.27,DELIVERED
ORD0000057,C10040,R1029,2026-02-09 21:39:17,634.52,DELIVERED
ORD0000058,C10028,R1002,2026-02-10 20:14:25,537.08,DELIVERED
ORD0000059,C10050,R1020,2026-02-11 21:53:19,391.62,DELIVERED
ORD0000060,C10145,R1044,2026-02-12 14:04:34,859.44,DELIVERED
ORD0000061,C10146,R1048,2026-02-12 14:44:48,1231.47,DELIVERED
ORD0000062,C10053,R1002,2026-02-12 21:36:42,477.75,DELIVERED
ORD0000063,C10012,R1042,2026-02-13 13:21:02,656.96,DELIVERED
ORD0000064,C10028,R1020,2026-02-13 18:10:19,265.45,DELIVERED
ORD0000065,C10074,R1005,2026-02-14 20:50:54,1041.38,DELIVERED
ORD0000066,C10031,R1001,2026-02-15 07:34:03,603.81,DELIVERED
ORD0000067,C10089,R1027,2026-02-15 22:52:54,301.07,DELIVERED
ORD0000068,C10120,R1002,2026-02-17 11:09:22,313.42,DELIVERED
ORD0000069,C10128,R1026,2026-02-17 13:14:01,257.05,DELIVERED
ORD0000070,C10122,R1002,2026-02-17 16:16:09,983.21,DELIVERED
ORD0000071,C10078,R1021,2026-02-17 16:37:16,1106.21,DELIVERED
ORD0000072,C10126,R1031,2026-02-17 18:40:59,666.08,DELIVERED
ORD0000073,C10041,R1044,2026-02-18 12:24:26,384.49,DELIVERED
ORD0000074,C10015,R1013,2026-02-18 13:33:56,449.55,DELIVERED
ORD0000075,C10010,R1013,2026-02-18 14:22:58,562.60,DELIVERED
ORD0000076,C10035,R1007,2026-02-19 21:30:37,608.51,DELIVERED
ORD0000077,C10085,R1044,2026-02-20 13:23:54,1106.45,DELIVERED
ORD0000078,C10099,R1040,2026-02-21 09:08:09,559.75,CANCELLED
ORD0000079,C10070,R1021,2026-02-22 21:38:43,817.45,DELIVERED
ORD0000080,C10037,R1041,2026-02-23 19:33:34,283.11,DELIVERED
ORD0000081,C10004,R1026,2026-02-24 13:56:48,1091.99,DELIVERED
ORD0000082,C10033,R1039,2026-02-24 17:56:15,417.01,DELIVERED
ORD0000083,C10087,R1009,2026-02-24 19:58:09,545.10,DELIVERED
ORD0000084,C10031,R1009,2026-02-25 10:05:15,233.65,DELIVERED
ORD0000085,C10014,R1022,2026-02-25 14:10:37,892.81,DELIVERED
ORD0000086,C10053,R1010,2026-02-25 17:23:18,418.32,DELIVERED
ORD0000087,C10036,R1046,2026-02-25 18:55:08,463.84,DELIVERED
ORD0000088,C10131,R1030,2026-02-25 19:47:33,1115.09,DELIVERED
ORD0000089,C10056,R1009,2026-02-28 19:55:57,651.03,CANCELLED
ORD0000090,C10052,R1032,2026-03-01 22:33:28,618.46,DELIVERED
ORD0000091,C10083,R1030,2026-03-01 23:59:00,1039.88,DELIVERED
ORD0000092,C10006,R1043,2026-03-02 16:42:48,512.32,DELIVERED
ORD0000093,C10066,R1035,2026-03-04 17:21:33,524.69,DELIVERED
ORD0000094,C10058,R1035,2026-03-04 18:44:46,629.05,DELIVERED
ORD0000095,C10115,R1044,2026-03-04 19:07:32,210.22,DELIVERED
ORD0000096,C10054,R1023,2026-03-06 22:38:50,558.50,DELIVERED
ORD0000097,C10128,R1049,2026-03-07 14:36:37,529.77,DELIVERED
ORD0000098,C10157,R1033,2026-03-07 21:20:38,1125.48,DELIVERED
ORD0000099,C10060,R1033,2026-03-08 15:05:21,503.35,DELIVERED
ORD0000100,C10010,R1041,2026-03-08 17:32:04,791.34,DELIVERED
ORD0000101,C10074,R1029,2026-03-08 20:05:33,906.06,DELIVERED
ORD0000102,C10066,R1033,2026-03-08 21:09:53,480.56,DELIVERED
ORD0000103,C10134,R1018,2026-03-08 22:28:55,919.99,DELIVERED
ORD0000104,C10107,R1029,2026-03-09 13:07:34,322.20,DELIVERED
ORD0000105,C10114,R1004,2026-03-09 19:20:15,949.11,DELIVERED
ORD0000106,C10091,R1019,2026-03-10 18:01:46,587.12,DELIVERED
ORD0000107,C10070,R1028,2026-03-12 18:10:59,623.25,DELIVERED
ORD0000108,C10047,R1013,2026-03-12 21:59:55,347.34,DELIVERED
ORD0000109,C10032,R1019,2026-03-13 19:52:23,843.29,DELIVERED
ORD0000110,C10133,R1013,2026-03-14 09:50:14,1382.84,DELIVERED
ORD0000111,C10034,R1033,2026-03-16 22:43:58,251.24,DELIVERED
ORD0000112,C10079,R1041,2026-03-17 18:46:58,577.51,DELIVERED
ORD0000113,C10072,R1017,2026-03-18 08:05:32,1162.28,DELIVERED
ORD0000114,C10033,R1040,2026-03-18 12:26:36,697.60,DELIVERED
ORD0000115,C10085,R1044,2026-03-18 14:21:52,745.49,DELIVERED
ORD0000116,C10093,R1002,2026-03-19 10:07:10,433.67,DELIVERED
ORD0000117,C10101,R1039,2026-03-21 14:38:58,795.45,DELIVERED
ORD0000118,C10117,R1034,2026-03-21 17:02:25,1291.89,DELIVERED
ORD0000119,C10003,R1047,2026-03-21 22:15:13,226.03,DELIVERED
ORD0000120,C10097,R1028,2026-03-24 16:16:30,388.95,DELIVERED
ORD0000121,C10174,R1026,2026-03-24 19:22:00,1265.66,DELIVERED
ORD0000122,C10054,R1034,2026-03-25 22:26:36,371.93,DELIVERED
ORD0000123,C10168,R1016,2026-03-25 23:35:45,813.44,DELIVERED
ORD0000124,C10039,R1010,2026-03-26 16:54:38,617.26,DELIVERED
ORD0000125,C10021,R1019,2026-03-26 20:52:16,1012.78,DELIVERED
ORD0000126,C10070,R1012,2026-03-27 19:18:33,260.94,DELIVERED
ORD0000127,C10148,R1033,2026-03-27 21:18:03,563.17,DELIVERED
ORD0000128,C10160,R1017,2026-03-28 12:27:48,639.15,DELIVERED
ORD0000129,C10065,R1007,2026-03-28 15:56:38,630.55,DELIVERED
ORD0000130,C10125,R1020,2026-03-28 21:18:49,1011.10,DELIVERED
ORD0000131,C10080,R1047,2026-03-29 10:48:39,413.26,DELIVERED
ORD0000132,C10083,R1035,2026-03-29 12:31:35,736.36,DELIVERED
ORD0000133,C10053,R1002,2026-03-29 13:24:42,762.34,DELIVERED
ORD0000134,C10135,R1024,2026-03-29 14:30:51,1079.15,DELIVERED
ORD0000135,C10084,R1044,2026-03-29 19:00:43,784.79,DELIVERED
ORD0000136,C10033,R1022,2026-03-29 19:14:35,745.75,DELIVERED
ORD0000137,C10083,R1035,2026-03-30 12:58:11,633.20,DELIVERED
ORD0000138,C10170,R1025,2026-03-30 13:17:01,851.02,DELIVERED
ORD0000139,C10039,R1032,2026-04-01 17:47:06,539.06,DELIVERED
ORD0000140,C10130,R1033,2026-04-06 21:49:47,926.20,DELIVERED
ORD0000141,C10055,R1026,2026-04-07 22:22:51,167.58,DELIVERED
ORD0000142,C10173,R1020,2026-04-08 14:11:16,360.84,DELIVERED
ORD0000143,C10118,R1032,2026-04-08 15:12:58,1071.46,CANCELLED
ORD0000144,C10181,R1013,2026-04-08 15:23:28,1467.98,DELIVERED
ORD0000145,C10040,R1005,2026-04-08 21:54:12,511.42,DELIVERED
ORD0000146,C10063,R1002,2026-04-09 19:33:45,653.72,DELIVERED
ORD0000147,C10093,R1020,2026-04-10 06:02:40,1268.84,DELIVERED
ORD0000148,C10141,R1041,2026-04-10 11:01:49,1172.25,DELIVERED
ORD0000149,C10119,R1005,2026-04-10 11:35:25,1432.25,DELIVERED
ORD0000150,C10092,R1034,2026-04-10 13:37:47,451.69,DELIVERED
ORD0000151,C10070,R1030,2026-04-11 00:49:14,782.25,DELIVERED
ORD0000152,C10021,R1019,2026-04-11 11:16:11,842.60,CANCELLED
ORD0000153,C10015,R1007,2026-04-12 17:51:07,807.77,DELIVERED
ORD0000154,C10179,R1043,2026-04-14 08:47:44,330.97,DELIVERED
ORD0000155,C10119,R1017,2026-04-15 11:11:13,351.01,CANCELLED
ORD0000156,C10183,R1031,2026-04-15 11:38:01,685.45,DELIVERED
ORD0000157,C10104,R1008,2026-04-17 17:13:48,930.60,DELIVERED
ORD0000158,C10061,R1020,2026-04-18 13:18:19,736.12,DELIVERED
ORD0000159,C10017,R1010,2026-04-18 17:28:57,413.33,DELIVERED
ORD0000160,C10070,R1009,2026-04-19 13:49:23,839.88,DELIVERED
ORD0000161,C10161,R1040,2026-04-19 14:35:13,528.21,DELIVERED
ORD0000162,C10186,R1019,2026-04-20 18:48:03,203.91,DELIVERED
ORD0000163,C10133,R1013,2026-04-20 21:25:12,342.68,DELIVERED
ORD0000164,C10036,R1007,2026-04-20 21:54:04,866.65,DELIVERED
ORD0000165,C10133,R1046,2026-04-21 12:31:44,840.74,DELIVERED
ORD0000166,C10132,R1030,2026-04-21 21:00:25,868.72,DELIVERED
ORD0000167,C10051,R1048,2026-04-22 12:07:23,841.31,DELIVERED
ORD0000168,C10133,R1041,2026-04-22 22:02:47,515.98,DELIVERED
ORD0000169,C10104,R1015,2026-04-23 12:10:07,1099.70,DELIVERED
ORD0000170,C10157,R1035,2026-04-23 21:54:52,389.48,DELIVERED
ORD0000171,C10111,R1010,2026-04-24 18:38:21,505.41,DELIVERED
ORD0000172,C10175,R1021,2026-04-24 19:26:05,277.95,DELIVERED
ORD0000173,C10019,R1031,2026-04-25 13:54:13,620.51,DELIVERED
ORD0000174,C10144,R1001,2026-04-26 14:09:39,461.49,CANCELLED
ORD0000175,C10079,R1013,2026-04-26 19:29:23,960.31,DELIVERED
ORD0000176,C10142,R1039,2026-04-27 10:22:47,770.71,DELIVERED
ORD0000177,C10044,R1010,2026-04-28 09:45:51,277.64,DELIVERED
ORD0000178,C10065,R1046,2026-04-28 13:03:00,1268.88,CANCELLED
ORD0000179,C10058,R1033,2026-04-28 20:19:44,1041.20,DELIVERED
ORD0000180,C10158,R1027,2026-04-29 12:40:53,219.92,DELIVERED
ORD0000181,C10172,R1011,2026-04-29 19:44:50,463.21,DELIVERED
ORD0000182,C10164,R1029,2026-04-29 22:02:09,612.39,DELIVERED
ORD0000183,C10175,R1021,2026-04-29 22:03:36,860.44,DELIVERED
ORD0000184,C10029,R1023,2026-04-30 20:59:56,698.61,DELIVERED
ORD0000185,C10171,R1022,2026-05-01 10:01:36,816.27,DELIVERED
ORD0000186,C10127,R1007,2026-05-02 12:28:04,1261.66,CANCELLED
ORD0000187,C10060,R1035,2026-05-02 12:53:35,479.82,DELIVERED
ORD0000188,C10192,R1039,2026-05-03 13:29:13,466.76,DELIVERED
ORD0000189,C10146,R1004,2026-05-04 10:38:53,147.85,DELIVERED
ORD0000190,C10144,R1012,2026-05-05 17:50:09,316.38,DELIVERED
ORD0000191,C10100,R1018,2026-05-05 19:36:41,1052.64,DELIVERED
ORD0000192,C10033,R1024,2026-05-06 17:33:17,518.61,DELIVERED
ORD0000193,C10034,R1035,2026-05-06 21:49:46,919.54,DELIVERED
ORD0000194,C10050,R1020,2026-05-08 12:22:21,336.14,DELIVERED
ORD0000195,C10008,R1002,2026-05-08 20:05:25,1295.93,DELIVERED
ORD0000196,C10010,R1046,2026-05-09 12:29:45,945.80,DELIVERED
ORD0000197,C10170,R1018,2026-05-09 13:51:17,698.87,DELIVERED
ORD0000198,C10097,R1012,2026-05-09 19:22:18,392.37,DELIVERED
ORD0000199,C10183,R1031,2026-05-09 20:22:01,1198.21,DELIVERED
ORD0000200,C10026,R1003,2026-05-09 21:42:07,924.64,DELIVERED
ORD0000201,C10085,R1016,2026-05-10 16:26:44,1353.87,DELIVERED
ORD0000202,C10173,R1032,2026-05-10 20:09:18,654.49,DELIVERED
ORD0000203,C10044,R1010,2026-05-10 20:58:33,379.23,DELIVERED
ORD0000204,C10063,R1042,2026-05-10 22:26:51,601.76,DELIVERED
ORD0000205,C10125,R1002,2026-05-10 22:32:30,932.94,DELIVERED
ORD0000206,C10094,R1007,2026-05-13 22:48:27,1125.58,DELIVERED
ORD0000207,C10134,R1018,2026-05-14 12:50:03,817.00,DELIVERED
ORD0000208,C10091,R1044,2026-05-14 14:29:01,834.81,DELIVERED
ORD0000209,C10102,R1036,2026-05-14 20:29:26,401.06,DELIVERED
ORD0000210,C10086,R1014,2026-05-16 04:15:42,318.55,DELIVERED
ORD0000211,C10159,R1007,2026-05-16 19:00:07,1232.46,DELIVERED
ORD0000212,C10073,R1018,2026-05-17 13:11:05,1168.93,DELIVERED
ORD0000213,C10169,R1030,2026-05-17 21:26:43,1079.09,DELIVERED
ORD0000214,C10189,R1026,2026-05-19 10:35:17,701.96,DELIVERED
ORD0000215,C10192,R1040,2026-05-19 22:31:10,1128.37,DELIVERED
ORD0000216,C10107,R1005,2026-05-19 23:16:52,264.23,DELIVERED
ORD0000217,C10009,R1046,2026-05-20 13:34:36,605.16,DELIVERED
ORD0000218,C10170,R1025,2026-05-20 17:56:01,829.87,DELIVERED
ORD0000219,C10181,R1046,2026-05-20 21:55:37,480.17,DELIVERED
ORD0000220,C10010,R1046,2026-05-21 10:27:42,1351.69,DELIVERED
ORD0000221,C10193,R1010,2026-05-21 13:01:21,450.99,DELIVERED
ORD0000222,C10069,R1035,2026-05-21 14:01:04,205.90,DELIVERED
ORD0000223,C10153,R1032,2026-05-23 14:59:17,511.09,DELIVERED
ORD0000224,C10084,R1003,2026-05-23 18:06:05,331.68,DELIVERED
ORD0000225,C10125,R1020,2026-05-23 20:19:38,407.02,DELIVERED
ORD0000226,C10185,R1034,2026-05-24 11:50:55,945.11,DELIVERED
ORD0000227,C10132,R1009,2026-05-24 20:14:59,328.33,CANCELLED
ORD0000228,C10156,R1029,2026-05-25 20:46:45,789.67,DELIVERED
ORD0000229,C10050,R1002,2026-05-26 05:34:11,402.46,DELIVERED
ORD0000230,C10095,R1012,2026-05-26 23:07:58,420.58,DELIVERED
ORD0000231,C10115,R1035,2026-05-27 12:33:00,293.14,DELIVERED
ORD0000232,C10016,R1031,2026-05-28 13:41:42,598.16,DELIVERED
ORD0000233,C10085,R1042,2026-05-28 14:15:40,1219.34,DELIVERED
ORD0000234,C10033,R1038,2026-05-29 09:07:40,137.45,DELIVERED
ORD0000235,C10022,R1034,2026-05-29 21:01:05,881.23,CANCELLED
ORD0000236,C10136,R1046,2026-05-29 23:33:00,1081.40,DELIVERED
ORD0000237,C10152,R1001,2026-05-30 09:31:49,331.96,DELIVERED
ORD0000238,C10168,R1003,2026-05-30 13:01:27,1050.75,DELIVERED
ORD0000239,C10151,R1047,2026-06-01 00:21:35,491.17,DELIVERED
ORD0000240,C10114,R1050,2026-06-01 16:21:06,387.51,DELIVERED
ORD0000241,C10151,R1018,2026-06-01 17:35:31,561.39,DELIVERED
ORD0000242,C10112,R1050,2026-06-01 21:07:24,750.43,DELIVERED
ORD0000243,C10120,R1002,2026-06-02 08:15:05,1436.27,DELIVERED
ORD0000244,C10087,R1012,2026-06-02 13:08:29,383.63,DELIVERED
ORD0000245,C10093,R1032,2026-06-03 10:50:43,427.75,DELIVERED
ORD0000246,C10125,R1032,2026-06-03 17:10:00,1312.39,DELIVERED
ORD0000247,C10055,R1043,2026-06-03 18:29:27,370.52,DELIVERED
ORD0000248,C10031,R1021,2026-06-03 18:44:55,428.07,DELIVERED
ORD0000249,C10050,R1010,2026-06-03 21:27:01,261.85,DELIVERED
ORD0000250,C10111,R1002,2026-06-04 12:37:08,1101.14,DELIVERED
ORD0000251,C10093,R1032,2026-06-05 11:12:09,642.02,DELIVERED
ORD0000252,C10192,R1024,2026-06-05 11:48:21,738.50,DELIVERED
ORD0000253,C10167,R1043,2026-06-05 20:34:10,332.26,DELIVERED
ORD0000254,C10049,R1037,2026-06-05 21:09:09,1130.42,DELIVERED
ORD0000255,C10074,R1029,2026-06-05 23:43:18,349.63,DELIVERED
ORD0000256,C10181,R1041,2026-06-06 12:24:27,1011.64,DELIVERED
ORD0000257,C10128,R1008,2026-06-06 19:17:25,827.84,DELIVERED
ORD0000258,C10021,R1019,2026-06-06 22:07:08,861.15,DELIVERED
ORD0000259,C10121,R1042,2026-06-07 14:32:11,997.02,DELIVERED
ORD0000260,C10118,R1010,2026-06-07 17:28:36,545.00,DELIVERED
ORD0000261,C10185,R1018,2026-06-07 20:41:57,318.08,DELIVERED
ORD0000262,C10059,R1042,2026-06-07 22:03:39,1079.64,DELIVERED
ORD0000263,C10190,R1001,2026-06-08 12:55:50,436.65,DELIVERED
ORD0000264,C10147,R1048,2026-06-08 17:36:37,356.94,DELIVERED
ORD0000265,C10193,R1020,2026-06-08 18:56:35,769.43,DELIVERED
ORD0000266,C10164,R1029,2026-06-08 20:30:35,577.60,CANCELLED
ORD0000267,C10090,R1049,2026-06-09 13:29:18,759.53,DELIVERED
ORD0000268,C10027,R1042,2026-06-09 17:18:16,239.14,DELIVERED
ORD0000269,C10150,R1014,2026-06-11 15:51:53,713.84,DELIVERED
ORD0000270,C10085,R1019,2026-06-11 17:18:46,686.98,DELIVERED
ORD0000271,C10001,R1044,2026-06-12 22:45:45,293.34,DELIVERED
ORD0000272,C10104,R1008,2026-06-13 11:32:10,1330.89,DELIVERED
ORD0000273,C10054,R1017,2026-06-13 13:05:09,543.44,DELIVERED
ORD0000274,C10084,R1003,2026-06-13 19:35:18,638.81,DELIVERED
ORD0000275,C10052,R1032,2026-06-13 21:22:59,723.50,DELIVERED
ORD0000276,C10156,R1035,2026-06-14 12:23:02,718.76,DELIVERED
ORD0000277,C10024,R1013,2026-06-15 12:12:23,557.77,DELIVERED
ORD0000278,C10171,R1037,2026-06-15 14:22:06,420.26,DELIVERED
ORD0000279,C10089,R1031,2026-06-16 21:43:55,257.95,DELIVERED
ORD0000280,C10061,R1002,2026-06-17 21:35:48,663.02,DELIVERED
ORD0000281,C10139,R1005,2026-06-19 09:00:39,414.46,DELIVERED
ORD0000282,C10143,R1029,2026-06-19 14:41:12,387.31,DELIVERED
ORD0000283,C10176,R1023,2026-06-19 20:23:19,467.75,DELIVERED
ORD0000284,C10028,R1013,2026-06-20 18:36:26,445.46,DELIVERED
ORD0000285,C10025,R1020,2026-06-22 18:48:34,741.02,DELIVERED
ORD0000286,C10051,R1022,2026-06-23 12:50:57,1158.91,DELIVERED
ORD0000287,C10023,R1019,2026-06-23 20:00:53,1148.60,DELIVERED
ORD0000288,C10021,R1042,2026-06-25 13:24:26,515.93,CANCELLED
ORD0000289,C10117,R1017,2026-06-25 16:37:58,444.26,DELIVERED
ORD0000290,C10032,R1044,2026-06-26 12:38:52,207.51,DELIVERED
ORD0000291,C10088,R1019,2026-06-26 13:01:52,504.86,DELIVERED
ORD0000292,C10156,R1029,2026-06-26 22:11:32,266.97,DELIVERED
ORD0000293,C10045,R1045,2026-06-27 12:03:30,263.83,DELIVERED
ORD0000294,C10118,R1032,2026-06-27 12:19:39,979.31,DELIVERED
ORD0000295,C10036,R1013,2026-06-27 14:07:11,735.26,DELIVERED
ORD0000296,C10043,R1050,2026-06-28 13:35:23,196.75,DELIVERED
ORD0000297,C10178,R1025,2026-06-28 23:15:49,578.05,DELIVERED
ORD0000298,C10045,R1047,2026-06-30 12:38:03,1201.61,DELIVERED
ORD0000299,C10145,R1044,2026-07-01 13:30:57,660.75,DELIVERED
ORD0000300,C10111,R1041,2026-07-01 14:52:32,1057.00,CANCELLED
ORD0000301,C10046,R1001,2026-07-02 07:47:56,811.04,DELIVERED
ORD0000302,C10153,R1010,2026-07-02 12:59:27,253.81,DELIVERED
ORD0000303,C10169,R1009,2026-07-03 12:11:34,499.99,DELIVERED
ORD0000304,C10177,R1035,2026-07-03 13:27:24,492.18,DELIVERED
ORD0000305,C10122,R1010,2026-07-03 13:27:49,881.17,DELIVERED
ORD0000306,C10135,R1050,2026-07-03 19:21:21,285.85,DELIVERED
ORD0000307,C10160,R1017,2026-07-05 09:18:00,718.32,DELIVERED
ORD0000308,C10155,R1037,2026-07-05 21:48:53,207.24,DELIVERED
ORD0000309,C10117,R1017,2026-07-07 18:29:11,450.58,DELIVERED
ORD0000310,C10142,R1022,2026-07-07 20:57:22,355.45,DELIVERED
ORD0000311,C10153,R1002,2026-07-08 18:54:33,1264.53,CANCELLED
ORD0000312,C10154,R1033,2026-07-08 19:23:36,605.67,DELIVERED
ORD0000313,C10158,R1036,2026-07-09 11:10:30,460.90,DELIVERED
ORD0000314,C10142,R1048,2026-07-09 11:15:40,1190.23,DELIVERED
ORD0000315,C10170,R1025,2026-07-09 11:15:59,931.86,DELIVERED
ORD0000316,C10051,R1004,2026-07-09 22:19:37,190.91,DELIVERED
ORD0000317,C10064,R1010,2026-07-09 23:35:17,259.46,DELIVERED
ORD0000318,C10161,R1022,2026-07-10 13:37:54,496.56,DELIVERED
ORD0000319,C10011,R1007,2026-07-12 12:18:15,994.67,DELIVERED
ORD0000320,C10095,R1009,2026-07-12 23:32:01,592.62,DELIVERED
ORD0000321,C10154,R1035,2026-07-14 13:03:25,682.23,DELIVERED
ORD0000322,C10092,R1017,2026-07-15 00:12:42,1139.57,DELIVERED
ORD0000323,C10073,R1015,2026-07-15 18:53:57,282.45,DELIVERED
ORD0000324,C10120,R1032,2026-07-16 11:43:49,672.22,DELIVERED
ORD0000325,C10071,R1013,2026-07-18 13:19:48,552.33,CANCELLED
ORD0000326,C10085,R1044,2026-07-18 14:10:41,1021.50,DELIVERED
ORD0000327,C10079,R1046,2026-07-19 08:20:36,652.10,DELIVERED
ORD0000328,C10088,R1003,2026-07-20 07:32:13,644.99,CANCELLED
ORD0000329,C10126,R1027,2026-07-20 22:09:11,709.52,DELIVERED
ORD0000330,C10145,R1019,2026-07-21 12:53:52,918.33,DELIVERED
ORD0000331,C10148,R1033,2026-07-21 21:35:24,868.14,DELIVERED
ORD0000332,C10041,R1016,2026-07-21 21:50:00,535.40,DELIVERED
ORD0000333,C10180,R1019,2026-07-21 23:39:31,892.28,DELIVERED
ORD0000334,C10081,R1010,2026-07-22 21:00:07,385.83,DELIVERED
ORD0000335,C10144,R1030,2026-07-24 09:35:58,1268.56,DELIVERED
ORD0000336,C10022,R1034,2026-07-24 10:22:39,541.60,DELIVERED
ORD0000337,C10126,R1027,2026-07-24 19:47:41,397.98,CANCELLED
ORD0000338,C10182,R1017,2026-07-25 17:28:08,321.78,CANCELLED
ORD0000339,C10076,R1003,2026-07-26 17:55:20,1153.91,CANCELLED
ORD0000340,C10082,R1039,2026-07-26 18:53:39,1278.72,DELIVERED
ORD0000341,C10060,R1029,2026-07-27 11:50:13,773.56,DELIVERED
ORD0000342,C10186,R1019,2026-07-27 12:46:17,1311.14,DELIVERED
ORD0000343,C10041,R1044,2026-07-27 14:03:31,455.93,DELIVERED
ORD0000344,C10157,R1035,2026-07-28 22:26:55,1335.36,DELIVERED
ORD0000345,C10061,R1032,2026-07-29 10:35:07,595.35,DELIVERED
ORD0000346,C10084,R1019,2026-07-29 17:17:08,361.86,DELIVERED
ORD0000347,C10125,R1020,2026-07-29 19:15:22,535.37,DELIVERED
ORD0000348,C10112,R1022,2026-07-30 12:29:47,1076.96,DELIVERED
ORD0000349,C10142,R1038,2026-07-30 17:46:26,1157.01,DELIVERED
ORD0000350,C10041,R1003,2026-07-30 18:30:13,704.88,DELIVERED
ORD0000351,C10063,R1044,2026-07-31 07:13:25,589.09,DELIVERED
ORD0000352,C10133,R1041,2026-07-31 12:46:54,1081.26,DELIVERED
ORD0000353,C10019,R1034,2026-07-31 21:15:37,178.68,DELIVERED
ORD0000354,C10166,R1013,2026-08-01 22:53:57,920.43,CANCELLED
ORD0000355,C10015,R1046,2026-08-02 10:44:28,519.83,DELIVERED
ORD0000356,C10048,R1017,2026-08-02 12:20:04,446.51,DELIVERED
ORD0000357,C10046,R1009,2026-08-02 16:07:02,634.19,DELIVERED
ORD0000358,C10067,R1034,2026-08-02 19:07:43,371.15,DELIVERED
ORD0000359,C10113,R1007,2026-08-02 22:22:38,811.70,DELIVERED
ORD0000360,C10125,R1020,2026-08-04 22:46:16,1015.86,DELIVERED
ORD0000361,C10045,R1049,2026-08-05 14:28:39,957.44,DELIVERED
ORD0000362,C10012,R1042,2026-08-05 19:40:28,594.96,DELIVERED
ORD0000363,C10149,R1042,2026-08-06 13:13:08,983.04,CANCELLED
ORD0000364,C10182,R1017,2026-08-06 18:51:48,508.17,DELIVERED
ORD0000365,C10115,R1005,2026-08-06 22:39:47,921.18,DELIVERED
ORD0000366,C10186,R1003,2026-08-07 17:41:19,398.00,DELIVERED
ORD0000367,C10025,R1010,2026-08-09 19:32:20,472.97,DELIVERED
ORD0000368,C10167,R1017,2026-08-09 22:14:59,546.45,DELIVERED
ORD0000369,C10025,R1032,2026-08-10 20:02:36,570.16,DELIVERED
ORD0000370,C10038,R1002,2026-08-11 20:29:50,340.61,DELIVERED
ORD0000371,C10160,R1034,2026-08-14 14:31:31,318.57,CANCELLED
ORD0000372,C10166,R1007,2026-08-14 14:37:47,945.36,DELIVERED
ORD0000373,C10040,R1035,2026-08-15 14:59:31,731.00,DELIVERED
ORD0000374,C10098,R1013,2026-08-15 18:27:47,590.52,DELIVERED
ORD0000375,C10145,R1044,2026-08-16 09:55:51,333.57,DELIVERED
ORD0000376,C10108,R1007,2026-08-16 15:08:30,406.97,DELIVERED
ORD0000377,C10098,R1041,2026-08-16 21:30:48,534.62,DELIVERED
ORD0000378,C10155,R1037,2026-08-16 22:03:53,425.07,DELIVERED
ORD0000379,C10148,R1029,2026-08-17 19:48:42,1373.42,DELIVERED
ORD0000380,C10171,R1022,2026-08-19 21:40:28,566.68,DELIVERED
ORD0000381,C10053,R1010,2026-08-19 22:39:49,280.23,DELIVERED
ORD0000382,C10160,R1023,2026-08-20 17:47:46,781.65,DELIVERED
ORD0000383,C10059,R1019,2026-08-20 21:21:40,1254.83,DELIVERED
ORD0000384,C10043,R1050,2026-08-21 12:32:31,389.11,DELIVERED
ORD0000385,C10046,R1009,2026-08-22 14:43:56,526.91,DELIVERED
ORD0000386,C10003,R1005,2026-08-22 22:52:57,138.86,DELIVERED
ORD0000387,C10068,R1044,2026-08-22 23:56:20,1002.74,DELIVERED
ORD0000388,C10197,R1029,2026-08-23 08:59:21,814.39,DELIVERED
ORD0000389,C10098,R1041,2026-08-24 13:28:05,495.75,DELIVERED
ORD0000390,C10005,R1028,2026-08-25 13:27:45,223.49,DELIVERED
ORD0000391,C10145,R1003,2026-08-25 23:35:00,174.48,DELIVERED
ORD0000392,C10179,R1034,2026-08-27 12:41:18,171.42,CANCELLED
ORD0000393,C10196,R1032,2026-08-28 14:51:56,747.85,DELIVERED
ORD0000394,C10089,R1036,2026-08-28 14:58:59,844.28,DELIVERED
ORD0000395,C10035,R1046,2026-08-28 15:44:08,1038.37,DELIVERED
ORD0000396,C10027,R1007,2026-08-30 11:04:24,339.41,DELIVERED
ORD0000397,C10132,R1021,2026-08-30 16:36:48,915.15,DELIVERED
ORD0000398,C10002,R1020,2026-08-30 19:46:17,925.05,DELIVERED
ORD0000399,C10126,R1017,2026-08-31 14:13:09,887.85,DELIVERED
ORD0000400,C10166,R1007,2026-08-31 20:09:18,189.37,DELIVERED
ORD0000254,C10049,R1037,2026-06-05 21:09:09,1130.42,DELIVERED
ORD8000001,,R1010,2026-05-10 20:58:33,379.23,DELIVERED
ORD8000002,C10057,R9999,2026-02-03 22:01:46,600.32,DELIVERED
ORD8000003,C10117,R1017,2026-06-25 16:37:58,-444.26,DELIVERED
ORD8000004,C10029,R1023,2026-04-30 20:59:56,698.61,SHIPPED
ORD8000005,C10021,R1019,2026-13-01 10:00:00,842.60,CANCELLED
