delivery_partner_id,partner_name,city,joining_date
DP1001,Pooja Verma,Delhi,2025-02-08
DP1002,Priya Menon,Hyderabad,2025-09-20
DP1003,Pooja Singh,Bengaluru,2024-12-22
DP1004,Manish Singh,Hyderabad,2024-06-16
DP1005,Varun Reddy,Mumbai,2024-07-12
DP1006,Ishita Bose,Mumbai,2025-02-21
DP1007,Manish Pillai,Mumbai,2024-02-29
DP1008,Aisha Nair,Bengaluru,2024-08-28
DP1009,Gaurav Menon,Hyderabad,2025-01-10
DP1010,Manish Shah,Delhi,2025-06-06
DP1011,Tanvi Chopra,Kolkata,2024-03-04
DP1012,Kavya Verma,Ahmedabad,2025-02-04
DP1013,Harsh Sharma,Delhi,2025-02-07
DP1014,Aisha Pillai,Delhi,2025-09-15
DP1015,Lakshmi Nair,Hyderabad,2025-09-01
DP1016,Varun Verma,Kolkata,2024-08-06
DP1017,Rahul Gupta,Chennai,2024-08-21
DP1018,Divya Kulkarni,Mumbai,2025-03-18
DP1019,Aditya Chopra,Chennai,2025-12-14
DP1020,Sneha Singh,Hyderabad,2024-10-06
DP1021,Ishita Shah,Mumbai,2024-07-29
DP1022,Nisha Shah,Kolkata,2024-06-17
DP1023,Priya Kulkarni,Pune,2025-12-02
DP1024,Neha Gupta,Pune,2024-01-10
DP1025,Pooja Nair,Hyderabad,2025-10-29
DP1026,Aditya Singh,Pune,2024-09-16
DP1027,Manish Agarwal,Bengaluru,2024-11-08
DP1028,Rohan Mehta,Chennai,2025-01-13
DP1029,Varun Reddy,Mumbai,2025-05-21
DP1030,Rohan Das,Kolkata,2024-04-19
