payment_id,order_id,payment_method,payment_amount,payment_status,payment_date
PAY0000001,ORD0000001,CARD,309.59,REFUNDED,2026-01-01 13:01:15
PAY0000002,ORD0000002,UPI,469.15,SUCCESS,2026-01-01 14:18:02
PAY0000003,ORD0000003,WALLET,149.84,SUCCESS,2026-01-01 19:46:07
PAY0000004,ORD0000004,UPI,455.08,SUCCESS,2026-01-03 14:50:56
PAY0000005,ORD0000005,UPI,636.52,SUCCESS,2026-01-03 22:41:56
PAY0000006,ORD0000006,WALLET,110.66,SUCCESS,2026-01-04 20:50:26
PAY0000007,ORD0000007,UPI,1022.44,SUCCESS,2026-01-06 07:33:30
PAY0000008,ORD0000008,UPI,905.43,SUCCESS,2026-01-06 12:10:36
PAY0000009,ORD0000009,UPI,1016.10,SUCCESS,2026-01-06 12:17:41
PAY0000010,ORD0000010,WALLET,1160.81,SUCCESS,2026-01-07 17:50:02
PAY0000011,ORD0000011,UPI,428.94,SUCCESS,2026-01-07 22:18:07
PAY0000012,ORD0000012,UPI,608.39,SUCCESS,2026-01-08 21:10:06
PAY0000013,ORD0000013,UPI,264.01,SUCCESS,2026-01-09 08:22:04
PAY0000014,ORD0000014,CARD,519.19,SUCCESS,2026-01-10 21:01:35
PAY0000015,ORD0000015,WALLET,867.85,SUCCESS,2026-01-13 14:58:10
PAY0000016,ORD0000016,UPI,592.14,SUCCESS,2026-01-13 15:19:21
PAY0000017,ORD0000017,UPI,923.22,SUCCESS,2026-01-13 15:26:01
PAY0000018,ORD0000018,CASH,387.62,SUCCESS,2026-01-13 21:22:55
PAY0000019,ORD0000019,UPI,937.62,SUCCESS,2026-01-13 21:23:59
PAY0000020,ORD0000020,CARD,751.24,SUCCESS,2026-01-15 13:19:44
PAY0000021,ORD0000021,CARD,898.91,SUCCESS,2026-01-15 16:44:24
PAY0000022,ORD0000022,CASH,478.77,SUCCESS,2026-01-17 14:08:07
PAY0000023,ORD0000023,CASH,816.39,SUCCESS,2026-01-17 18:56:52
PAY0000024,ORD0000024,UPI,354.44,SUCCESS,2026-01-18 11:33:21
PAY0000025,ORD0000025,WALLET,596.37,SUCCESS,2026-01-18 15:43:06
PAY0000026,ORD0000026,WALLET,1014.21,SUCCESS,2026-01-19 01:17:41
PAY0000027,ORD0000027,CARD,926.47,SUCCESS,2026-01-19 09:14:38
PAY0000028,ORD0000028,WALLET,816.71,SUCCESS,2026-01-19 15:27:32
PAY0000029,ORD0000029,CARD,692.37,SUCCESS,2026-01-21 08:29:07
PAY0000030,ORD0000030,UPI,368.58,SUCCESS,2026-01-21 22:39:02
PAY0000031,ORD0000031,CARD,609.91,SUCCESS,2026-01-23 02:54:09
PAY0000032,ORD0000032,CASH,327.28,SUCCESS,2026-01-23 19:58:23
PAY0000033,ORD0000033,UPI,433.39,SUCCESS,2026-01-24 10:39:08
PAY0000034,ORD0000034,UPI,655.02,SUCCESS,2026-01-24 16:58:26
PAY0000035,ORD0000035,WALLET,738.11,SUCCESS,2026-01-26 13:36:00
PAY0000036,ORD0000036,WALLET,365.22,SUCCESS,2026-01-26 15:53:22
PAY0000037,ORD0000037,UPI,661.91,SUCCESS,2026-01-27 20:18:01
PAY0000038,ORD0000038,CARD,284.80,REFUNDED,2026-01-29 00:07:41
PAY0000039,ORD0000039,CARD,471.08,SUCCESS,2026-01-29 12:30:33
PAY0000040,ORD0000040,CASH,884.80,SUCCESS,2026-01-30 12:02:18
PAY0000041,ORD0000041,CASH,777.08,SUCCESS,2026-01-30 16:19:01
PAY0000042,ORD0000042,CASH,495.40,SUCCESS,2026-02-02 13:31:02
PAY0000043,ORD0000043,CASH,313.38,SUCCESS,2026-02-02 14:46:35
PAY0000044,ORD0000044,WALLET,906.83,SUCCESS,2026-02-03 14:29:49
PAY0000045,ORD0000045,UPI,600.32,SUCCESS,2026-02-03 22:02:26
PAY0000046,ORD0000046,UPI,451.90,SUCCESS,2026-02-04 11:34:04
PAY0000047,ORD0000047,UPI,925.72,SUCCESS,2026-02-04 13:36:21
PAY0000048,ORD0000048,CARD,856.89,SUCCESS,2026-02-04 18:44:41
PAY0000049,ORD0000049,UPI,753.16,SUCCESS,2026-02-05 11:27:40
PAY0000050,ORD0000050,CARD,171.31,SUCCESS,2026-02-06 15:28:52
PAY0000051,ORD0000051,CASH,742.15,SUCCESS,2026-02-07 05:06:28
PAY0000052,ORD0000052,UPI,649.79,SUCCESS,2026-02-07 21:46:10
PAY0000053,ORD0000053,CARD,473.97,SUCCESS,2026-02-08 21:10:59
PAY0000054,ORD0000054,UPI,473.88,SUCCESS,2026-02-09 12:56:39
PAY0000055,ORD0000055,UPI,300.38,SUCCESS,2026-02-09 14:05:39
PAY0000056,ORD0000056,CARD,719.27,SUCCESS,2026-02-09 18:05:06
PAY0000057,ORD0000057,WALLET,634.52,SUCCESS,2026-02-09 21:40:36
PAY0000058,ORD0000058,UPI,537.08,SUCCESS,2026-02-10 20:15:29
PAY0000059,ORD0000059,CARD,391.62,SUCCESS,2026-02-11 21:54:11
PAY0000060,ORD0000060,UPI,859.44,SUCCESS,2026-02-12 14:05:15
PAY0000061,ORD0000061,UPI,1231.47,SUCCESS,2026-02-12 14:45:46
PAY0000062,ORD0000062,UPI,477.75,SUCCESS,2026-02-12 21:37:20
PAY0000063,ORD0000063,CARD,656.96,SUCCESS,2026-02-13 13:21:09
PAY0000064,ORD0000064,WALLET,265.45,SUCCESS,2026-02-13 18:11:23
PAY0000065,ORD0000065,CARD,1041.38,SUCCESS,2026-02-14 20:51:57
PAY0000066,ORD0000066,CASH,603.81,SUCCESS,2026-02-15 07:35:00
PAY0000067,ORD0000067,UPI,301.07,SUCCESS,2026-02-15 22:54:09
PAY0000068,ORD0000068,UPI,313.42,SUCCESS,2026-02-17 11:10:49
PAY0000069,ORD0000069,CARD,257.05,SUCCESS,2026-02-17 13:14:17
PAY0000070,ORD0000070,UPI,983.21,SUCCESS,2026-02-17 16:17:25
PAY0000071,ORD0000071,UPI,1106.21,SUCCESS,2026-02-17 16:38:32
PAY0000072,ORD0000072,CARD,666.08,SUCCESS,2026-02-17 18:42:12
PAY0000073,ORD0000073,WALLET,384.49,SUCCESS,2026-02-18 12:25:38
PAY0000074,ORD0000074,UPI,449.55,SUCCESS,2026-02-18 13:35:23
PAY0000075,ORD0000075,WALLET,562.60,SUCCESS,2026-02-18 14:23:15
PAY0000076,ORD0000076,UPI,608.51,SUCCESS,2026-02-19 21:31:07
PAY0000077,ORD0000077,CARD,1106.45,SUCCESS,2026-02-20 13:24:56
PAY0000078,ORD0000078,WALLET,559.75,FAILED,2026-02-21 09:09:24
PAY0000079,ORD0000079,UPI,817.45,SUCCESS,2026-02-22 21:39:19
PAY0000080,ORD0000080,WALLET,283.11,SUCCESS,2026-02-23 19:34:11
PAY0000081,ORD0000081,UPI,1091.99,SUCCESS,2026-02-24 13:57:07
PAY0000082,ORD0000082,CARD,417.01,SUCCESS,2026-02-24 17:56:27
PAY0000083,ORD0000083,UPI,545.10,SUCCESS,2026-02-24 19:59:18
PAY0000084,ORD0000084,UPI,233.65,SUCCESS,2026-02-25 10:05:43
PAY0000085,ORD0000085,CARD,892.81,SUCCESS,2026-02-25 14:11:30
PAY0000086,ORD0000086,CARD,418.32,SUCCESS,2026-02-25 17:24:00
PAY0000087,ORD0000087,CASH,463.84,SUCCESS,2026-02-25 18:56:22
PAY0000088,ORD0000088,UPI,1115.09,SUCCESS,2026-02-25 19:48:33
PAY0000089,ORD0000089,UPI,651.03,REFUNDED,2026-02-28 19:56:25
PAY0000090,ORD0000090,CASH,618.46,SUCCESS,2026-03-01 22:34:29
PAY0000091,ORD0000091,UPI,1039.88,SUCCESS,2026-03-02 00:00:22
PAY0000092,ORD0000092,CARD,512.32,SUCCESS,2026-03-02 16:43:03
PAY0000093,ORD0000093,CASH,524.69,SUCCESS,2026-03-04 17:22:02
PAY0000094,ORD0000094,UPI,629.05,SUCCESS,2026-03-04 18:45:58
PAY0000095,ORD0000095,UPI,210.22,SUCCESS,2026-03-04 19:08:16
PAY0000096,ORD0000096,CARD,558.50,SUCCESS,2026-03-06 22:39:27
PAY0000097,ORD0000097,CARD,529.77,SUCCESS,2026-03-07 14:37:59
PAY0000098,ORD0000098,UPI,1125.48,SUCCESS,2026-03-07 21:21:08
PAY0000099,ORD0000099,CARD,503.35,SUCCESS,2026-03-08 15:06:05
PAY0000100,ORD0000100,CARD,791.34,SUCCESS,2026-03-08 17:32:38
PAY0000101,ORD0000101,CASH,906.06,SUCCESS,2026-03-08 20:06:04
PAY0000102,ORD0000102,CASH,480.56,SUCCESS,2026-03-08 21:11:06
PAY0000103,ORD0000103,UPI,919.99,SUCCESS,2026-03-08 22:30:20
PAY0000104,ORD0000104,CARD,322.20,SUCCESS,2026-03-09 13:07:41
PAY0000105,ORD0000105,UPI,949.11,SUCCESS,2026-03-09 19:21:08
PAY0000106,ORD0000106,WALLET,587.12,SUCCESS,2026-03-10 18:01:58
PAY0000107,ORD0000107,UPI,623.25,SUCCESS,2026-03-12 18:12:09
PAY0000108,ORD0000108,WALLET,347.34,SUCCESS,2026-03-12 22:00:37
PAY0000109,ORD0000109,CASH,843.29,SUCCESS,2026-03-13 19:53:47
PAY0000110,ORD0000110,UPI,1382.84,SUCCESS,2026-03-14 09:50:28
PAY0000111,ORD0000111,CARD,251.24,SUCCESS,2026-03-16 22:45:15
PAY0000112,ORD0000112,CARD,577.51,SUCCESS,2026-03-17 18:47:25
PAY0000113,ORD0000113,CARD,1162.28,SUCCESS,2026-03-18 08:05:37
PAY0000114,ORD0000114,CASH,697.60,SUCCESS,2026-03-18 12:27:30
PAY0000115,ORD0000115,UPI,745.49,SUCCESS,2026-03-18 14:22:29
PAY0000116,ORD0000116,CARD,433.67,SUCCESS,2026-03-19 10:07:57
PAY0000117,ORD0000117,UPI,795.45,SUCCESS,2026-03-21 14:40:06
PAY0000118,ORD0000118,WALLET,1291.89,SUCCESS,2026-03-21 17:03:49
PAY0000119,ORD0000119,WALLET,226.03,SUCCESS,2026-03-21 22:16:21
PAY0000120,ORD0000120,CASH,388.95,SUCCESS,2026-03-24 16:17:19
PAY0000121,ORD0000121,UPI,1265.66,SUCCESS,2026-03-24 19:22:44
PAY0000122,ORD0000122,UPI,371.93,SUCCESS,2026-03-25 22:27:06
PAY0000123,ORD0000123,UPI,813.44,SUCCESS,2026-03-25 23:36:59
PAY0000124,ORD0000124,WALLET,617.26,SUCCESS,2026-03-26 16:55:33
PAY0000125,ORD0000125,CARD,1012.78,SUCCESS,2026-03-26 20:53:12
PAY0000126,ORD0000126,UPI,260.94,SUCCESS,2026-03-27 19:19:57
PAY0000127,ORD0000127,UPI,563.17,SUCCESS,2026-03-27 21:19:11
PAY0000128,ORD0000128,UPI,639.15,SUCCESS,2026-03-28 12:28:32
PAY0000129,ORD0000129,UPI,630.55,SUCCESS,2026-03-28 15:57:42
PAY0000130,ORD0000130,UPI,1011.10,SUCCESS,2026-03-28 21:20:09
PAY0000131,ORD0000131,WALLET,413.26,SUCCESS,2026-03-29 10:49:24
PAY0000132,ORD0000132,CASH,736.36,SUCCESS,2026-03-29 12:32:58
PAY0000133,ORD0000133,UPI,762.34,SUCCESS,2026-03-29 13:24:50
PAY0000134,ORD0000134,CARD,1079.15,SUCCESS,2026-03-29 14:31:48
PAY0000135,ORD0000135,UPI,784.79,SUCCESS,2026-03-29 19:01:07
PAY0000136,ORD0000136,UPI,745.75,SUCCESS,2026-03-29 19:15:49
PAY0000137,ORD0000137,UPI,633.20,SUCCESS,2026-03-30 12:59:19
PAY0000138,ORD0000138,WALLET,851.02,SUCCESS,2026-03-30 13:18:28
PAY0000139,ORD0000139,WALLET,539.06,SUCCESS,2026-04-01 17:48:13
PAY0000140,ORD0000140,CARD,926.20,SUCCESS,2026-04-06 21:50:40
PAY0000141,ORD0000141,UPI,167.58,SUCCESS,2026-04-07 22:23:39
PAY0000142,ORD0000142,WALLET,360.84,SUCCESS,2026-04-08 14:11:53
PAY0000143,ORD0000143,CARD,1071.46,FAILED,2026-04-08 15:14:20
PAY0000144,ORD0000144,CARD,1467.98,SUCCESS,2026-04-08 15:23:46
PAY0000145,ORD0000145,UPI,511.42,SUCCESS,2026-04-08 21:54:58
PAY0000146,ORD0000146,CASH,653.72,SUCCESS,2026-04-09 19:34:36
PAY0000147,ORD0000147,CARD,1268.84,SUCCESS,2026-04-10 06:02:59
PAY0000148,ORD0000148,UPI,1172.25,SUCCESS,2026-04-10 11:02:18
PAY0000149,ORD0000149,UPI,1432.25,SUCCESS,2026-04-10 11:36:24
PAY0000150,ORD0000150,CASH,451.69,SUCCESS,2026-04-10 13:38:10
PAY0000151,ORD0000151,CASH,782.25,SUCCESS,2026-04-11 00:50:43
PAY0000152,ORD0000152,CARD,842.60,REFUNDED,2026-04-11 11:17:28
PAY0000153,ORD0000153,CASH,807.77,SUCCESS,2026-04-12 17:51:23
PAY0000154,ORD0000154,UPI,330.97,SUCCESS,2026-04-14 08:47:57
PAY0000155,ORD0000155,UPI,351.01,REFUNDED,2026-04-15 11:12:26
PAY0000156,ORD0000156,CARD,685.45,SUCCESS,2026-04-15 11:39:22
PAY0000157,ORD0000157,WALLET,930.60,SUCCESS,2026-04-17 17:15:09
PAY0000158,ORD0000158,CARD,736.12,SUCCESS,2026-04-18 13:19:48
PAY0000159,ORD0000159,CARD,413.33,SUCCESS,2026-04-18 17:29:45
PAY0000160,ORD0000160,UPI,839.88,SUCCESS,2026-04-19 13:49:49
PAY0000161,ORD0000161,UPI,528.21,SUCCESS,2026-04-19 14:35:52
PAY0000162,ORD0000162,UPI,203.91,SUCCESS,2026-04-20 18:48:36
PAY0000163,ORD0000163,CASH,342.68,SUCCESS,2026-04-20 21:26:20
PAY0000164,ORD0000164,WALLET,866.65,SUCCESS,2026-04-20 21:54:28
PAY0000165,ORD0000165,UPI,840.74,SUCCESS,2026-04-21 12:32:32
PAY0000166,ORD0000166,UPI,868.72,SUCCESS,2026-04-21 21:01:24
PAY0000167,ORD0000167,UPI,841.31,SUCCESS,2026-04-22 12:07:42
PAY0000168,ORD0000168,CARD,515.98,SUCCESS,2026-04-22 22:03:30
PAY0000169,ORD0000169,UPI,1099.70,SUCCESS,2026-04-23 12:10:48
PAY0000170,ORD0000170,UPI,389.48,SUCCESS,2026-04-23 21:55:51
PAY0000171,ORD0000171,UPI,505.41,SUCCESS,2026-04-24 18:38:51
PAY0000172,ORD0000172,UPI,277.95,SUCCESS,2026-04-24 19:27:05
PAY0000173,ORD0000173,WALLET,620.51,SUCCESS,2026-04-25 13:55:25
PAY0000174,ORD0000174,UPI,461.49,REFUNDED,2026-04-26 14:10:11
PAY0000175,ORD0000175,CARD,960.31,SUCCESS,2026-04-26 19:30:00
PAY0000176,ORD0000176,CARD,770.71,SUCCESS,2026-04-27 10:22:52
PAY0000177,ORD0000177,WALLET,277.64,SUCCESS,2026-04-28 09:46:31
PAY0000178,ORD0000178,WALLET,1268.88,REFUNDED,2026-04-28 13:03:59
PAY0000179,ORD0000179,UPI,1041.20,SUCCESS,2026-04-28 20:21:07
PAY0000180,ORD0000180,UPI,219.92,SUCCESS,2026-04-29 12:41:36
PAY0000181,ORD0000181,WALLET,463.21,SUCCESS,2026-04-29 19:46:09
PAY0000182,ORD0000182,UPI,612.39,SUCCESS,2026-04-29 22:03:06
PAY0000183,ORD0000183,CARD,860.44,SUCCESS,2026-04-29 22:03:51
PAY0000184,ORD0000184,UPI,698.61,SUCCESS,2026-04-30 21:01:05
PAY0000185,ORD0000185,WALLET,816.27,SUCCESS,2026-05-01 10:02:57
PAY0000186,ORD0000186,CARD,1261.66,FAILED,2026-05-02 12:28:51
PAY0000187,ORD0000187,UPI,479.82,SUCCESS,2026-05-02 12:53:46
PAY0000188,ORD0000188,WALLET,466.76,SUCCESS,2026-05-03 13:30:13
PAY0000189,ORD0000189,UPI,147.85,SUCCESS,2026-05-04 10:40:08
PAY0000190,ORD0000190,CARD,316.38,SUCCESS,2026-05-05 17:50:20
PAY0000191,ORD0000191,UPI,1052.64,SUCCESS,2026-05-05 19:38:01
PAY0000192,ORD0000192,UPI,518.61,SUCCESS,2026-05-06 17:33:36
PAY0000193,ORD0000193,UPI,919.54,SUCCESS,2026-05-06 21:50:47
PAY0000194,ORD0000194,UPI,336.14,SUCCESS,2026-05-08 12:23:33
PAY0000195,ORD0000195,UPI,1295.93,SUCCESS,2026-05-08 20:05:41
PAY0000196,ORD0000196,CASH,945.80,SUCCESS,2026-05-09 12:30:40
PAY0000197,ORD0000197,UPI,698.87,SUCCESS,2026-05-09 13:52:19
PAY0000198,ORD0000198,WALLET,392.37,SUCCESS,2026-05-09 19:22:39
PAY0000199,ORD0000199,CARD,1198.21,SUCCESS,2026-05-09 20:22:06
PAY0000200,ORD0000200,CARD,924.64,SUCCESS,2026-05-09 21:43:08
PAY0000201,ORD0000201,CASH,1353.87,SUCCESS,2026-05-10 16:27:37
PAY0000202,ORD0000202,CARD,654.49,SUCCESS,2026-05-10 20:09:33
PAY0000203,ORD0000203,UPI,379.23,SUCCESS,2026-05-10 20:59:27
PAY0000204,ORD0000204,CARD,601.76,SUCCESS,2026-05-10 22:28:13
PAY0000205,ORD0000205,WALLET,932.94,SUCCESS,2026-05-10 22:33:18
PAY0000206,ORD0000206,CASH,1125.58,SUCCESS,2026-05-13 22:48:46
PAY0000207,ORD0000207,WALLET,817.00,SUCCESS,2026-05-14 12:50:13
PAY0000208,ORD0000208,UPI,834.81,SUCCESS,2026-05-14 14:30:29
PAY0000209,ORD0000209,CASH,401.06,SUCCESS,2026-05-14 20:30:12
PAY0000210,ORD0000210,WALLET,318.55,SUCCESS,2026-05-16 04:16:29
PAY0000211,ORD0000211,CARD,1232.46,SUCCESS,2026-05-16 19:01:03
PAY0000212,ORD0000212,CASH,1168.93,SUCCESS,2026-05-17 13:12:12
PAY0000213,ORD0000213,CARD,1079.09,SUCCESS,2026-05-17 21:27:58
PAY0000214,ORD0000214,CASH,701.96,SUCCESS,2026-05-19 10:36:42
PAY0000215,ORD0000215,CASH,1128.37,SUCCESS,2026-05-19 22:31:40
PAY0000216,ORD0000216,UPI,264.23,SUCCESS,2026-05-19 23:17:11
PAY0000217,ORD0000217,WALLET,605.16,SUCCESS,2026-05-20 13:35:37
PAY0000218,ORD0000218,UPI,829.87,SUCCESS,2026-05-20 17:57:16
PAY0000219,ORD0000219,UPI,480.17,SUCCESS,2026-05-20 21:56:31
PAY0000220,ORD0000220,CASH,1351.69,SUCCESS,2026-05-21 10:28:53
PAY0000221,ORD0000221,CARD,450.99,SUCCESS,2026-05-21 13:02:27
PAY0000222,ORD0000222,WALLET,205.90,SUCCESS,2026-05-21 14:02:34
PAY0000223,ORD0000223,UPI,511.09,SUCCESS,2026-05-23 14:59:49
PAY0000224,ORD0000224,UPI,331.68,SUCCESS,2026-05-23 18:06:55
PAY0000225,ORD0000225,UPI,407.02,SUCCESS,2026-05-23 20:21:03
PAY0000226,ORD0000226,UPI,945.11,SUCCESS,2026-05-24 11:51:01
PAY0000227,ORD0000227,UPI,328.33,REFUNDED,2026-05-24 20:15:55
PAY0000228,ORD0000228,UPI,789.67,SUCCESS,2026-05-25 20:47:00
PAY0000229,ORD0000229,UPI,402.46,SUCCESS,2026-05-26 05:34:27
PAY0000230,ORD0000230,CARD,420.58,SUCCESS,2026-05-26 23:08:41
PAY0000231,ORD0000231,UPI,293.14,SUCCESS,2026-05-27 12:33:33
PAY0000232,ORD0000232,UPI,598.16,SUCCESS,2026-05-28 13:42:48
PAY0000233,ORD0000233,UPI,1219.34,SUCCESS,2026-05-28 14:16:03
PAY0000234,ORD0000234,UPI,137.45,SUCCESS,2026-05-29 09:08:24
PAY0000235,ORD0000235,WALLET,881.23,FAILED,2026-05-29 21:01:27
PAY0000236,ORD0000236,CARD,1081.40,SUCCESS,2026-05-29 23:33:20
PAY0000237,ORD0000237,UPI,331.96,SUCCESS,2026-05-30 09:32:44
PAY0000238,ORD0000238,WALLET,1050.75,SUCCESS,2026-05-30 13:02:19
PAY0000239,ORD0000239,CARD,491.17,SUCCESS,2026-06-01 00:22:41
PAY0000240,ORD0000240,UPI,387.51,SUCCESS,2026-06-01 16:21:13
PAY0000241,ORD0000241,CARD,561.39,SUCCESS,2026-06-01 17:36:55
PAY0000242,ORD0000242,WALLET,750.43,SUCCESS,2026-06-01 21:07:48
PAY0000243,ORD0000243,UPI,1436.27,SUCCESS,2026-06-02 08:16:28
PAY0000244,ORD0000244,CARD,383.63,SUCCESS,2026-06-02 13:09:59
PAY0000245,ORD0000245,UPI,427.75,SUCCESS,2026-06-03 10:51:01
PAY0000246,ORD0000246,UPI,1312.39,SUCCESS,2026-06-03 17:10:41
PAY0000247,ORD0000247,UPI,370.52,SUCCESS,2026-06-03 18:30:17
PAY0000248,ORD0000248,UPI,428.07,SUCCESS,2026-06-03 18:46:20
PAY0000249,ORD0000249,UPI,261.85,SUCCESS,2026-06-03 21:27:34
PAY0000250,ORD0000250,UPI,1101.14,SUCCESS,2026-06-04 12:38:08
PAY0000251,ORD0000251,UPI,642.02,SUCCESS,2026-06-05 11:12:14
PAY0000252,ORD0000252,CASH,738.50,SUCCESS,2026-06-05 11:48:31
PAY0000253,ORD0000253,CARD,332.26,SUCCESS,2026-06-05 20:35:05
PAY0000254,ORD0000254,WALLET,1130.42,SUCCESS,2026-06-05 21:09:22
PAY0000255,ORD0000255,CARD,349.63,SUCCESS,2026-06-05 23:44:27
PAY0000256,ORD0000256,CARD,1011.64,SUCCESS,2026-06-06 12:25:33
PAY0000257,ORD0000257,WALLET,827.84,SUCCESS,2026-06-06 19:18:37
PAY0000258,ORD0000258,UPI,861.15,SUCCESS,2026-06-06 22:07:33
PAY0000259,ORD0000259,CARD,997.02,SUCCESS,2026-06-07 14:33:29
PAY0000260,ORD0000260,WALLET,545.00,SUCCESS,2026-06-07 17:29:58
PAY0000261,ORD0000261,UPI,318.08,SUCCESS,2026-06-07 20:43:21
PAY0000262,ORD0000262,WALLET,1079.64,SUCCESS,2026-06-07 22:04:28
PAY0000263,ORD0000263,WALLET,436.65,SUCCESS,2026-06-08 12:57:20
PAY0000264,ORD0000264,UPI,356.94,SUCCESS,2026-06-08 17:38:05
PAY0000265,ORD0000265,UPI,769.43,SUCCESS,2026-06-08 18:56:57
PAY0000266,ORD0000266,UPI,577.60,REFUNDED,2026-06-08 20:31:55
PAY0000267,ORD0000267,UPI,759.53,SUCCESS,2026-06-09 13:29:24
PAY0000268,ORD0000268,UPI,239.14,SUCCESS,2026-06-09 17:18:21
PAY0000269,ORD0000269,CASH,713.84,SUCCESS,2026-06-11 15:52:48
PAY0000270,ORD0000270,CASH,686.98,SUCCESS,2026-06-11 17:19:05
PAY0000271,ORD0000271,CASH,293.34,SUCCESS,2026-06-12 22:46:02
PAY0000272,ORD0000272,CARD,1330.89,SUCCESS,2026-06-13 11:32:38
PAY0000273,ORD0000273,CARD,543.44,SUCCESS,2026-06-13 13:05:31
PAY0000274,ORD0000274,CARD,638.81,SUCCESS,2026-06-13 19:35:26
PAY0000275,ORD0000275,UPI,723.50,SUCCESS,2026-06-13 21:24:01
PAY0000276,ORD0000276,UPI,718.76,SUCCESS,2026-06-14 12:24:01
PAY0000277,ORD0000277,WALLET,557.77,SUCCESS,2026-06-15 12:13:07
PAY0000278,ORD0000278,UPI,420.26,SUCCESS,2026-06-15 14:22:53
PAY0000279,ORD0000279,CASH,257.95,SUCCESS,2026-06-16 21:44:17
PAY0000280,ORD0000280,CARD,663.02,SUCCESS,2026-06-17 21:36:19
PAY0000281,ORD0000281,CARD,414.46,SUCCESS,2026-06-19 09:01:33
PAY0000282,ORD0000282,WALLET,387.31,SUCCESS,2026-06-19 14:42:37
PAY0000283,ORD0000283,CARD,467.75,SUCCESS,2026-06-19 20:23:33
PAY0000284,ORD0000284,CARD,445.46,SUCCESS,2026-06-20 18:37:12
PAY0000285,ORD0000285,CARD,741.02,SUCCESS,2026-06-22 18:50:02
PAY0000286,ORD0000286,UPI,1158.91,SUCCESS,2026-06-23 12:51:13
PAY0000287,ORD0000287,UPI,1148.60,SUCCESS,2026-06-23 20:02:18
PAY0000288,ORD0000288,CARD,515.93,REFUNDED,2026-06-25 13:24:59
PAY0000289,ORD0000289,UPI,444.26,SUCCESS,2026-06-25 16:38:28
PAY0000290,ORD0000290,CASH,207.51,SUCCESS,2026-06-26 12:39:55
PAY0000291,ORD0000291,WALLET,504.86,SUCCESS,2026-06-26 13:01:57
PAY0000292,ORD0000292,WALLET,266.97,SUCCESS,2026-06-26 22:12:29
PAY0000293,ORD0000293,UPI,263.83,SUCCESS,2026-06-27 12:03:40
PAY0000294,ORD0000294,CASH,979.31,SUCCESS,2026-06-27 12:20:18
PAY0000295,ORD0000295,UPI,735.26,SUCCESS,2026-06-27 14:08:02
PAY0000296,ORD0000296,UPI,196.75,SUCCESS,2026-06-28 13:35:55
PAY0000297,ORD0000297,WALLET,578.05,SUCCESS,2026-06-28 23:16:47
PAY0000298,ORD0000298,UPI,1201.61,SUCCESS,2026-06-30 12:38:52
PAY0000299,ORD0000299,CASH,660.75,SUCCESS,2026-07-01 13:31:36
PAY0000300,ORD0000300,CARD,1057.00,REFUNDED,2026-07-01 14:53:58
PAY0000301,ORD0000301,CARD,811.04,SUCCESS,2026-07-02 07:48:47
PAY0000302,ORD0000302,WALLET,253.81,SUCCESS,2026-07-02 13:00:32
PAY0000303,ORD0000303,UPI,499.99,SUCCESS,2026-07-03 12:12:08
PAY0000304,ORD0000304,UPI,492.18,SUCCESS,2026-07-03 13:28:51
PAY0000305,ORD0000305,WALLET,881.17,SUCCESS,2026-07-03 13:28:23
PAY0000306,ORD0000306,CARD,285.85,SUCCESS,2026-07-03 19:21:43
PAY0000307,ORD0000307,CARD,718.32,SUCCESS,2026-07-05 09:18:24
PAY0000308,ORD0000308,UPI,207.24,SUCCESS,2026-07-05 21:50:11
PAY0000309,ORD0000309,CASH,450.58,SUCCESS,2026-07-07 18:30:28
PAY0000310,ORD0000310,CASH,355.45,SUCCESS,2026-07-07 20:57:40
PAY0000311,ORD0000311,UPI,1264.53,REFUNDED,2026-07-08 18:54:43
PAY0000312,ORD0000312,UPI,605.67,SUCCESS,2026-07-08 19:24:00
PAY0000313,ORD0000313,CASH,460.90,SUCCESS,2026-07-09 11:10:35
PAY0000314,ORD0000314,CARD,1190.23,SUCCESS,2026-07-09 11:16:34
PAY0000315,ORD0000315,WALLET,931.86,SUCCESS,2026-07-09 11:17:19
PAY0000316,ORD0000316,CASH,190.91,SUCCESS,2026-07-09 22:20:19
PAY0000317,ORD0000317,UPI,259.46,SUCCESS,2026-07-09 23:36:22
PAY0000318,ORD0000318,UPI,496.56,SUCCESS,2026-07-10 13:39:16
PAY0000319,ORD0000319,CARD,994.67,SUCCESS,2026-07-12 12:19:36
PAY0000320,ORD0000320,WALLET,592.62,SUCCESS,2026-07-12 23:33:28
PAY0000321,ORD0000321,UPI,682.23,SUCCESS,2026-07-14 13:04:30
PAY0000322,ORD0000322,UPI,1139.57,SUCCESS,2026-07-15 00:13:15
PAY0000323,ORD0000323,UPI,282.45,SUCCESS,2026-07-15 18:55:01
PAY0000324,ORD0000324,CASH,672.22,SUCCESS,2026-07-16 11:43:55
PAY0000325,ORD0000325,CARD,552.33,FAILED,2026-07-18 13:20:09
PAY0000326,ORD0000326,UPI,1021.50,SUCCESS,2026-07-18 14:11:37
PAY0000327,ORD0000327,UPI,652.10,SUCCESS,2026-07-19 08:21:23
PAY0000328,ORD0000328,CASH,644.99,FAILED,2026-07-20 07:32:50
PAY0000329,ORD0000329,WALLET,709.52,SUCCESS,2026-07-20 22:10:02
PAY0000330,ORD0000330,CARD,918.33,SUCCESS,2026-07-21 12:54:56
PAY0000331,ORD0000331,CARD,868.14,SUCCESS,2026-07-21 21:35:41
PAY0000332,ORD0000332,CARD,535.40,SUCCESS,2026-07-21 21:50:22
PAY0000333,ORD0000333,UPI,892.28,SUCCESS,2026-07-21 23:40:02
PAY0000334,ORD0000334,CASH,385.83,SUCCESS,2026-07-22 21:00:33
PAY0000335,ORD0000335,UPI,1268.56,SUCCESS,2026-07-24 09:36:38
PAY0000336,ORD0000336,CASH,541.60,SUCCESS,2026-07-24 10:23:24
PAY0000337,ORD0000337,UPI,397.98,REFUNDED,2026-07-24 19:48:41
PAY0000338,ORD0000338,UPI,321.78,REFUNDED,2026-07-25 17:28:45
PAY0000339,ORD0000339,WALLET,1153.91,FAILED,2026-07-26 17:56:01
PAY0000340,ORD0000340,UPI,1278.72,SUCCESS,2026-07-26 18:54:12
PAY0000341,ORD0000341,UPI,773.56,SUCCESS,2026-07-27 11:51:32
PAY0000342,ORD0000342,UPI,1311.14,SUCCESS,2026-07-27 12:47:14
PAY0000343,ORD0000343,UPI,455.93,SUCCESS,2026-07-27 14:03:38
PAY0000344,ORD0000344,UPI,1335.36,SUCCESS,2026-07-28 22:27:36
PAY0000345,ORD0000345,UPI,595.35,SUCCESS,2026-07-29 10:36:24
PAY0000346,ORD0000346,UPI,361.86,SUCCESS,2026-07-29 17:17:56
PAY0000347,ORD0000347,CARD,535.37,SUCCESS,2026-07-29 19:15:36
PAY0000348,ORD0000348,WALLET,1076.96,SUCCESS,2026-07-30 12:30:17
PAY0000349,ORD0000349,CARD,1157.01,SUCCESS,2026-07-30 17:47:23
PAY0000350,ORD0000350,WALLET,704.88,SUCCESS,2026-07-30 18:31:13
PAY0000351,ORD0000351,CARD,589.09,SUCCESS,2026-07-31 07:13:53
PAY0000352,ORD0000352,CASH,1081.26,SUCCESS,2026-07-31 12:48:21
PAY0000353,ORD0000353,UPI,178.68,SUCCESS,2026-07-31 21:15:55
PAY0000354,ORD0000354,CASH,920.43,FAILED,2026-08-01 22:54:58
PAY0000355,ORD0000355,UPI,519.83,SUCCESS,2026-08-02 10:45:49
PAY0000356,ORD0000356,UPI,446.51,SUCCESS,2026-08-02 12:20:09
PAY0000357,ORD0000357,CASH,634.19,SUCCESS,2026-08-02 16:07:59
PAY0000358,ORD0000358,UPI,371.15,SUCCESS,2026-08-02 19:08:57
PAY0000359,ORD0000359,UPI,811.70,SUCCESS,2026-08-02 22:23:13
PAY0000360,ORD0000360,UPI,1015.86,SUCCESS,2026-08-04 22:46:52
PAY0000361,ORD0000361,CARD,957.44,SUCCESS,2026-08-05 14:29:47
PAY0000362,ORD0000362,CARD,594.96,SUCCESS,2026-08-05 19:41:23
PAY0000363,ORD0000363,UPI,983.04,REFUNDED,2026-08-06 13:13:43
PAY0000364,ORD0000364,UPI,508.17,SUCCESS,2026-08-06 18:52:37
PAY0000365,ORD0000365,UPI,921.18,SUCCESS,2026-08-06 22:40:43
PAY0000366,ORD0000366,CARD,398.00,SUCCESS,2026-08-07 17:41:43
PAY0000367,ORD0000367,UPI,472.97,SUCCESS,2026-08-09 19:33:32
PAY0000368,ORD0000368,CASH,546.45,SUCCESS,2026-08-09 22:15:15
PAY0000369,ORD0000369,UPI,570.16,SUCCESS,2026-08-10 20:03:03
PAY0000370,ORD0000370,WALLET,340.61,SUCCESS,2026-08-11 20:30:02
PAY0000371,ORD0000371,CARD,318.57,REFUNDED,2026-08-14 14:33:01
PAY0000372,ORD0000372,UPI,945.36,SUCCESS,2026-08-14 14:39:10
PAY0000373,ORD0000373,UPI,731.00,SUCCESS,2026-08-15 15:00:04
PAY0000374,ORD0000374,WALLET,590.52,SUCCESS,2026-08-15 18:29:10
PAY0000375,ORD0000375,CASH,333.57,SUCCESS,2026-08-16 09:56:12
PAY0000376,ORD0000376,CARD,406.97,SUCCESS,2026-08-16 15:08:57
PAY0000377,ORD0000377,CASH,534.62,SUCCESS,2026-08-16 21:32:06
PAY0000378,ORD0000378,WALLET,425.07,SUCCESS,2026-08-16 22:04:50
PAY0000379,ORD0000379,UPI,1373.42,SUCCESS,2026-08-17 19:49:31
PAY0000380,ORD0000380,CARD,566.68,SUCCESS,2026-08-19 21:41:38
PAY0000381,ORD0000381,CASH,280.23,SUCCESS,2026-08-19 22:40:08
PAY0000382,ORD0000382,CARD,781.65,SUCCESS,2026-08-20 17:49:13
PAY0000383,ORD0000383,UPI,1254.83,SUCCESS,2026-08-20 21:22:28
PAY0000384,ORD0000384,UPI,389.11,SUCCESS,2026-08-21 12:32:51
PAY0000385,ORD0000385,UPI,526.91,SUCCESS,2026-08-22 14:45:25
PAY0000386,ORD0000386,WALLET,138.86,SUCCESS,2026-08-22 22:54:00
PAY0000387,ORD0000387,UPI,1002.74,SUCCESS,2026-08-22 23:56:39
PAY0000388,ORD0000388,CARD,814.39,SUCCESS,2026-08-23 08:59:47
PAY0000389,ORD0000389,UPI,495.75,SUCCESS,2026-08-24 13:29:20
PAY0000390,ORD0000390,UPI,223.49,SUCCESS,2026-08-25 13:28:09
PAY0000391,ORD0000391,CASH,174.48,SUCCESS,2026-08-25 23:36:23
PAY0000392,ORD0000392,WALLET,171.42,FAILED,2026-08-27 12:42:31
PAY0000393,ORD0000393,CARD,747.85,SUCCESS,2026-08-28 14:53:21
PAY0000394,ORD0000394,CARD,844.28,SUCCESS,2026-08-28 14:59:40
PAY0000395,ORD0000395,CARD,1038.37,SUCCESS,2026-08-28 15:45:02
PAY0000396,ORD0000396,UPI,339.41,SUCCESS,2026-08-30 11:04:32
PAY0000397,ORD0000397,CARD,915.15,SUCCESS,2026-08-30 16:36:56
PAY0000398,ORD0000398,UPI,925.05,SUCCESS,2026-08-30 19:46:50
PAY0000399,ORD0000399,UPI,887.85,SUCCESS,2026-08-31 14:14:04
PAY0000400,ORD0000400,CARD,189.37,SUCCESS,2026-08-31 20:09:30
PAY8000006,ORD0000308,UPI,abc,SUCCESS,2026-07-05 21:50:11
PAY8000007,ORD0000340,UPI,1278.72,PENDING,2026-07-26 18:54:12
