delivery_id,order_id,delivery_partner_id,pickup_time,delivery_time,delivery_status
DEL0000001,ORD0000001,DP1028,,,FAILED
DEL0000002,ORD0000002,DP1007,2026-01-01 14:44:21,2026-01-01 15:08:20,DELIVERED
DEL0000003,ORD0000003,DP1012,2026-01-01 20:09:14,2026-01-01 20:48:35,DELIVERED
DEL0000004,ORD0000004,DP1013,2026-01-03 15:14:48,2026-01-03 15:32:05,DELIVERED
DEL0000005,ORD0000005,DP1024,2026-01-03 22:52:46,2026-01-03 23:31:13,DELIVERED
DEL0000006,ORD0000006,DP1030,2026-01-04 21:12:58,2026-01-04 21:46:59,DELIVERED
DEL0000007,ORD0000007,DP1026,2026-01-06 07:50:01,2026-01-06 08:26:04,DELIVERED
DEL0000008,ORD0000008,DP1011,2026-01-06 12:24:47,2026-01-06 12:44:35,DELIVERED
DEL0000009,ORD0000009,DP1012,2026-01-06 12:35:46,2026-01-06 13:11:56,DELIVERED
DEL0000010,ORD0000010,DP1023,2026-01-07 18:11:50,2026-01-07 18:41:55,DELIVERED
DEL0000011,ORD0000011,DP1005,2026-01-07 22:31:42,2026-01-07 23:01:33,DELIVERED
DEL0000012,ORD0000012,DP1026,2026-01-08 21:34:02,2026-01-08 21:55:04,DELIVERED
DEL0000013,ORD0000013,DP1020,2026-01-09 08:38:30,2026-01-09 09:27:34,DELIVERED
DEL0000014,ORD0000014,DP1022,2026-01-10 21:29:52,2026-01-10 22:13:57,DELIVERED
DEL0000015,ORD0000015,DP1016,2026-01-13 15:07:48,2026-01-13 15:46:15,DELIVERED
DEL0000016,ORD0000016,DP1020,2026-01-13 15:45:00,2026-01-13 16:23:49,DELIVERED
DEL0000017,ORD0000017,DP1017,2026-01-13 15:54:04,2026-01-13 16:33:08,DELIVERED
DEL0000018,ORD0000018,DP1012,2026-01-13 21:49:01,2026-01-13 22:08:32,DELIVERED
DEL0000019,ORD0000019,DP1030,2026-01-13 21:47:20,2026-01-13 22:24:09,DELIVERED
DEL0000020,ORD0000020,DP1005,2026-01-15 13:29:12,2026-01-15 13:46:55,DELIVERED
DEL0000021,ORD0000021,DP1030,2026-01-15 17:11:45,2026-01-15 17:39:27,DELIVERED
DEL0000022,ORD0000022,DP1028,2026-01-17 14:24:10,2026-01-17 14:58:33,DELIVERED
DEL0000023,ORD0000023,DP1016,2026-01-17 19:10:27,2026-01-17 19:44:41,DELIVERED
DEL0000024,ORD0000024,DP1019,2026-01-18 11:57:38,2026-01-18 12:34:48,DELIVERED
DEL0000025,ORD0000025,DP1005,2026-01-18 15:56:43,2026-01-18 16:39:34,DELIVERED
DEL0000026,ORD0000026,DP1019,2026-01-19 01:45:18,2026-01-19 02:27:18,DELIVERED
DEL0000027,ORD0000027,DP1010,2026-01-19 09:30:25,2026-01-19 09:59:54,DELIVERED
DEL0000028,ORD0000028,DP1016,2026-01-19 15:41:10,2026-01-19 16:00:14,DELIVERED
DEL0000029,ORD0000029,DP1026,2026-01-21 08:51:37,2026-01-21 09:22:05,DELIVERED
DEL0000030,ORD0000030,DP1027,2026-01-21 23:01:47,2026-01-21 23:25:38,DELIVERED
DEL0000031,ORD0000031,DP1030,2026-01-23 03:22:11,2026-01-23 03:50:15,DELIVERED
DEL0000032,ORD0000032,DP1014,2026-01-23 20:07:36,2026-01-23 20:25:52,DELIVERED
DEL0000033,ORD0000033,DP1001,2026-01-24 10:49:24,2026-01-24 11:05:20,DELIVERED
DEL0000034,ORD0000034,DP1012,2026-01-24 17:13:47,2026-01-24 17:45:10,DELIVERED
DEL0000035,ORD0000035,DP1012,2026-01-26 13:52:56,2026-01-26 14:27:58,DELIVERED
DEL0000036,ORD0000036,DP1025,2026-01-26 16:05:28,2026-01-26 16:49:19,DELIVERED
DEL0000037,ORD0000037,DP1025,2026-01-27 20:42:26,2026-01-27 21:15:57,DELIVERED
DEL0000038,ORD0000038,DP1016,,,FAILED
DEL0000039,ORD0000039,DP1006,2026-01-29 12:45:39,2026-01-29 13:19:22,DELIVERED
DEL0000040,ORD0000040,DP1026,2026-01-30 12:15:06,2026-01-30 12:43:47,DELIVERED
DEL0000041,ORD0000041,DP1019,2026-01-30 16:34:03,2026-01-30 17:25:50,DELIVERED
DEL0000042,ORD0000042,DP1002,2026-02-02 13:43:10,2026-02-02 14:15:55,DELIVERED
DEL0000043,ORD0000043,DP1014,2026-02-02 15:03:29,2026-02-02 15:36:44,DELIVERED
DEL0000044,ORD0000044,DP1008,2026-02-03 14:56:51,2026-02-03 15:21:05,DELIVERED
DEL0000045,ORD0000045,DP1012,2026-02-03 22:13:03,2026-02-03 22:46:43,DELIVERED
DEL0000046,ORD0000046,DP1006,2026-02-04 11:53:54,2026-02-04 12:36:00,DELIVERED
DEL0000047,ORD0000047,DP1012,2026-02-04 13:56:58,2026-02-04 14:29:36,DELIVERED
DEL0000048,ORD0000048,DP1010,2026-02-04 19:06:23,2026-02-04 19:45:06,DELIVERED
DEL0000049,ORD0000049,DP1025,2026-02-05 11:45:51,2026-02-05 12:27:06,DELIVERED
DEL0000050,ORD0000050,DP1026,2026-02-06 15:57:29,2026-02-06 16:57:21,DELIVERED
DEL0000051,ORD0000051,DP1019,2026-02-07 05:19:20,2026-02-07 05:48:10,DELIVERED
DEL0000052,ORD0000052,DP1023,2026-02-07 22:13:56,2026-02-07 22:38:06,DELIVERED
DEL0000053,ORD0000053,DP1022,2026-02-08 21:36:12,2026-02-08 21:51:21,DELIVERED
DEL0000054,ORD0000054,DP1025,2026-02-09 13:18:15,2026-02-09 13:35:55,DELIVERED
DEL0000055,ORD0000055,DP1012,2026-02-09 14:32:08,2026-02-09 15:10:03,DELIVERED
DEL0000056,ORD0000056,DP1024,2026-02-09 18:23:47,2026-02-09 18:56:20,DELIVERED
DEL0000057,ORD0000057,DP1018,2026-02-09 21:58:04,2026-02-09 22:36:08,DELIVERED
DEL0000058,ORD0000058,DP1012,2026-02-10 20:31:00,2026-02-10 21:03:19,DELIVERED
DEL0000059,ORD0000059,DP1012,2026-02-11 22:11:23,2026-02-11 22:54:45,DELIVERED
DEL0000060,ORD0000060,DP1011,2026-02-12 14:23:02,2026-02-12 14:46:47,DELIVERED
DEL0000061,ORD0000061,DP1015,2026-02-12 15:06:57,2026-02-12 15:42:24,DELIVERED
DEL0000062,ORD0000062,DP1012,2026-02-12 21:54:14,2026-02-12 22:38:56,DELIVERED
DEL0000063,ORD0000063,DP1016,2026-02-13 13:39:28,2026-02-13 14:00:34,DELIVERED
DEL0000064,ORD0000064,DP1012,2026-02-13 18:33:02,2026-02-13 18:50:17,DELIVERED
DEL0000065,ORD0000065,DP1006,2026-02-14 21:10:23,2026-02-14 21:33:21,DELIVERED
DEL0000066,ORD0000066,DP1008,2026-02-15 07:53:50,2026-02-15 08:14:07,DELIVERED
DEL0000067,ORD0000067,DP1028,2026-02-15 23:21:37,2026-02-16 00:01:47,DELIVERED
DEL0000068,ORD0000068,DP1012,2026-02-17 11:21:59,2026-02-17 11:53:05,DELIVERED
DEL0000069,ORD0000069,DP1001,2026-02-17 13:31:39,2026-02-17 14:10:35,DELIVERED
DEL0000070,ORD0000070,DP1012,2026-02-17 16:39:41,2026-02-17 17:05:39,DELIVERED
DEL0000071,ORD0000071,DP1008,2026-02-17 16:54:11,2026-02-17 17:36:58,DELIVERED
DEL0000072,ORD0000072,DP1028,2026-02-17 19:01:20,2026-02-17 19:30:18,DELIVERED
DEL0000073,ORD0000073,DP1030,2026-02-18 12:53:56,2026-02-18 13:34:41,DELIVERED
DEL0000074,ORD0000074,DP1024,2026-02-18 13:59:36,2026-02-18 14:48:57,DELIVERED
DEL0000075,ORD0000075,DP1023,2026-02-18 14:50:13,2026-02-18 15:12:27,DELIVERED
DEL0000076,ORD0000076,DP1024,2026-02-19 21:50:50,2026-02-19 22:09:15,DELIVERED
DEL0000077,ORD0000077,DP1016,2026-02-20 13:40:34,2026-02-20 14:24:33,DELIVERED
DEL0000078,ORD0000078,DP1004,,,FAILED
DEL0000079,ORD0000079,DP1003,2026-02-22 22:01:31,2026-02-22 22:36:23,DELIVERED
DEL0000080,ORD0000080,DP1023,2026-02-23 20:02:23,2026-02-23 20:55:26,DELIVERED
DEL0000081,ORD0000081,DP1010,2026-02-24 14:22:13,2026-02-24 14:40:41,DELIVERED
DEL0000082,ORD0000082,DP1009,2026-02-24 18:08:30,2026-02-24 18:49:12,DELIVERED
DEL0000083,ORD0000083,DP1027,2026-02-24 20:19:48,2026-02-24 20:54:07,DELIVERED
DEL0000084,ORD0000084,DP1027,2026-02-25 10:31:52,2026-02-25 10:52:07,DELIVERED
DEL0000085,ORD0000085,DP1025,2026-02-25 14:39:07,2026-02-25 15:06:44,DELIVERED
DEL0000086,ORD0000086,DP1012,2026-02-25 17:47:59,2026-02-25 18:22:09,DELIVERED
DEL0000087,ORD0000087,DP1024,2026-02-25 19:05:45,2026-02-25 19:41:16,DELIVERED
DEL0000088,ORD0000088,DP1008,2026-02-25 20:06:47,2026-02-25 20:46:45,DELIVERED
DEL0000089,ORD0000089,DP1008,,,FAILED
DEL0000090,ORD0000090,DP1012,2026-03-01 22:45:27,2026-03-01 23:37:52,DELIVERED
DEL0000091,ORD0000091,DP1027,2026-03-02 00:15:05,2026-03-02 00:59:27,DELIVERED
DEL0000092,ORD0000092,DP1017,2026-03-02 16:59:42,2026-03-02 17:24:20,DELIVERED
DEL0000093,ORD0000093,DP1018,2026-03-04 17:37:32,2026-03-04 18:27:30,DELIVERED
DEL0000094,ORD0000094,DP1021,2026-03-04 19:14:12,2026-03-04 19:54:01,DELIVERED
DEL0000095,ORD0000095,DP1011,2026-03-04 19:23:31,2026-03-04 19:54:57,DELIVERED
DEL0000096,ORD0000096,DP1019,2026-03-06 23:05:46,2026-03-06 23:41:43,DELIVERED
DEL0000097,ORD0000097,DP1013,2026-03-07 14:55:01,2026-03-07 15:28:33,DELIVERED
DEL0000098,ORD0000098,DP1029,2026-03-07 21:39:36,2026-03-07 22:22:49,DELIVERED
DEL0000099,ORD0000099,DP1021,2026-03-08 15:28:53,2026-03-08 15:57:17,DELIVERED
DEL0000100,ORD0000100,DP1026,2026-03-08 17:56:40,2026-03-08 18:24:15,DELIVERED
DEL0000101,ORD0000101,DP1021,2026-03-08 20:28:52,2026-03-08 21:10:11,DELIVERED
DEL0000102,ORD0000102,DP1006,2026-03-08 21:23:31,2026-03-08 22:18:26,DELIVERED
DEL0000103,ORD0000103,DP1001,2026-03-08 22:56:53,2026-03-08 23:19:58,DELIVERED
DEL0000104,ORD0000104,DP1007,2026-03-09 13:37:06,2026-03-09 13:59:12,DELIVERED
DEL0000105,ORD0000105,DP1004,2026-03-09 19:48:38,2026-03-09 20:23:15,DELIVERED
DEL0000106,ORD0000106,DP1022,2026-03-10 18:29:54,2026-03-10 19:04:36,DELIVERED
DEL0000107,ORD0000107,DP1008,2026-03-12 18:23:42,2026-03-12 18:49:04,DELIVERED
DEL0000108,ORD0000108,DP1026,2026-03-12 22:15:19,2026-03-12 22:36:50,DELIVERED
DEL0000109,ORD0000109,DP1022,2026-03-13 20:12:35,2026-03-13 21:08:37,DELIVERED
DEL0000110,ORD0000110,DP1024,2026-03-14 10:02:21,2026-03-14 10:39:01,DELIVERED
DEL0000111,ORD0000111,DP1018,2026-03-16 22:56:47,2026-03-16 23:33:44,DELIVERED
DEL0000112,ORD0000112,DP1026,2026-03-17 19:11:32,2026-03-17 19:45:33,DELIVERED
DEL0000113,ORD0000113,DP1019,2026-03-18 08:20:30,2026-03-18 08:52:11,DELIVERED
DEL0000114,ORD0000114,DP1020,2026-03-18 12:37:43,2026-03-18 13:37:02,DELIVERED
DEL0000115,ORD0000115,DP1030,2026-03-18 14:35:42,2026-03-18 14:52:10,DELIVERED
DEL0000116,ORD0000116,DP1012,2026-03-19 10:34:26,2026-03-19 11:05:51,DELIVERED
DEL0000117,ORD0000117,DP1002,2026-03-21 14:52:05,2026-03-21 15:11:25,DELIVERED
DEL0000118,ORD0000118,DP1019,2026-03-21 17:30:08,2026-03-21 18:07:27,DELIVERED
DEL0000119,ORD0000119,DP1010,2026-03-21 22:34:54,2026-03-21 23:23:27,DELIVERED
DEL0000120,ORD0000120,DP1027,2026-03-24 16:39:19,2026-03-24 17:05:25,DELIVERED
DEL0000121,ORD0000121,DP1013,2026-03-24 19:32:38,2026-03-24 19:53:06,DELIVERED
DEL0000122,ORD0000122,DP1019,2026-03-25 22:43:49,2026-03-25 23:28:36,DELIVERED
DEL0000123,ORD0000123,DP1022,2026-03-25 23:52:52,2026-03-26 00:36:07,DELIVERED
DEL0000124,ORD0000124,DP1012,2026-03-26 17:10:13,2026-03-26 17:45:37,DELIVERED
DEL0000125,ORD0000125,DP1016,2026-03-26 21:14:19,2026-03-26 21:46:22,DELIVERED
DEL0000126,ORD0000126,DP1008,2026-03-27 19:30:54,2026-03-27 20:13:32,DELIVERED
DEL0000127,ORD0000127,DP1007,2026-03-27 21:40:59,2026-03-27 22:00:20,DELIVERED
DEL0000128,ORD0000128,DP1019,2026-03-28 12:51:36,2026-03-28 13:12:17,DELIVERED
DEL0000129,ORD0000129,DP1024,2026-03-28 16:20:08,2026-03-28 16:56:49,DELIVERED
DEL0000130,ORD0000130,DP1012,2026-03-28 21:43:41,2026-03-28 22:21:43,DELIVERED
DEL0000131,ORD0000131,DP1010,2026-03-29 11:13:32,2026-03-29 11:36:50,DELIVERED
DEL0000132,ORD0000132,DP1021,2026-03-29 12:42:43,2026-03-29 12:59:52,DELIVERED
DEL0000133,ORD0000133,DP1012,2026-03-29 13:46:01,2026-03-29 14:11:52,DELIVERED
DEL0000134,ORD0000134,DP1002,2026-03-29 14:55:17,2026-03-29 15:38:48,DELIVERED
DEL0000135,ORD0000135,DP1030,2026-03-29 19:14:43,2026-03-29 19:53:02,DELIVERED
DEL0000136,ORD0000136,DP1015,2026-03-29 19:39:53,2026-03-29 20:11:20,DELIVERED
DEL0000137,ORD0000137,DP1006,2026-03-30 13:09:04,2026-03-30 13:51:40,DELIVERED
DEL0000138,ORD0000138,DP1014,2026-03-30 13:37:18,2026-03-30 14:06:45,DELIVERED
DEL0000139,ORD0000139,DP1012,2026-04-01 18:09:02,2026-04-01 18:44:44,DELIVERED
DEL0000140,ORD0000140,DP1018,2026-04-06 22:07:59,2026-04-06 22:38:19,DELIVERED
DEL0000141,ORD0000141,DP1010,2026-04-07 22:51:22,2026-04-07 23:20:18,DELIVERED
DEL0000142,ORD0000142,DP1012,2026-04-08 14:40:03,2026-04-08 15:17:27,DELIVERED
DEL0000143,ORD0000143,DP1012,,,FAILED
DEL0000144,ORD0000144,DP1026,2026-04-08 15:47:50,2026-04-08 16:14:37,DELIVERED
DEL0000145,ORD0000145,DP1005,2026-04-08 22:13:11,2026-04-08 22:38:35,DELIVERED
DEL0000146,ORD0000146,DP1012,2026-04-09 19:45:33,2026-04-09 20:09:18,DELIVERED
DEL0000147,ORD0000147,DP1012,2026-04-10 06:32:04,2026-04-10 06:53:02,DELIVERED
DEL0000148,ORD0000148,DP1024,2026-04-10 11:13:48,2026-04-10 11:33:00,DELIVERED
DEL0000149,ORD0000149,DP1021,2026-04-10 11:52:55,2026-04-10 12:37:02,DELIVERED
DEL0000150,ORD0000150,DP1017,2026-04-10 14:07:33,2026-04-10 14:44:39,DELIVERED
DEL0000151,ORD0000151,DP1008,2026-04-11 01:16:27,2026-04-11 01:41:42,DELIVERED
DEL0000152,ORD0000152,DP1011,,,FAILED
DEL0000153,ORD0000153,DP1024,2026-04-12 18:01:17,2026-04-12 18:32:56,DELIVERED
DEL0000154,ORD0000154,DP1019,2026-04-14 09:13:27,2026-04-14 09:58:12,DELIVERED
DEL0000155,ORD0000155,DP1017,,,FAILED
DEL0000156,ORD0000156,DP1017,2026-04-15 11:51:03,2026-04-15 12:13:45,DELIVERED
DEL0000157,ORD0000157,DP1001,2026-04-17 17:40:00,2026-04-17 18:20:34,DELIVERED
DEL0000158,ORD0000158,DP1012,2026-04-18 13:36:48,2026-04-18 14:04:13,DELIVERED
DEL0000159,ORD0000159,DP1012,2026-04-18 17:52:58,2026-04-18 18:28:28,DELIVERED
DEL0000160,ORD0000160,DP1003,2026-04-19 14:11:22,2026-04-19 15:04:04,DELIVERED
DEL0000161,ORD0000161,DP1009,2026-04-19 15:02:09,2026-04-19 15:29:53,DELIVERED
DEL0000162,ORD0000162,DP1011,2026-04-20 19:12:48,2026-04-20 19:40:38,DELIVERED
DEL0000163,ORD0000163,DP1026,2026-04-20 21:50:27,2026-04-20 22:24:02,DELIVERED
DEL0000164,ORD0000164,DP1026,2026-04-20 22:07:49,2026-04-20 22:25:38,DELIVERED
DEL0000165,ORD0000165,DP1024,2026-04-21 12:55:53,2026-04-21 13:29:28,DELIVERED
DEL0000166,ORD0000166,DP1008,2026-04-21 21:29:03,2026-04-21 21:47:54,DELIVERED
DEL0000167,ORD0000167,DP1002,2026-04-22 12:27:56,2026-04-22 13:04:57,DELIVERED
DEL0000168,ORD0000168,DP1024,2026-04-22 22:24:22,2026-04-22 22:55:33,DELIVERED
DEL0000169,ORD0000169,DP1001,2026-04-23 12:38:01,2026-04-23 13:04:42,DELIVERED
DEL0000170,ORD0000170,DP1005,2026-04-23 22:24:27,2026-04-23 22:53:05,DELIVERED
DEL0000171,ORD0000171,DP1012,2026-04-24 18:59:00,2026-04-24 19:21:53,DELIVERED
DEL0000172,ORD0000172,DP1008,2026-04-24 19:43:12,2026-04-24 20:18:52,DELIVERED
DEL0000173,ORD0000173,DP1017,2026-04-25 14:20:48,2026-04-25 14:57:51,DELIVERED
DEL0000174,ORD0000174,DP1008,,,FAILED
DEL0000175,ORD0000175,DP1024,2026-04-26 19:48:01,2026-04-26 20:06:25,DELIVERED
DEL0000176,ORD0000176,DP1020,2026-04-27 10:37:23,2026-04-27 11:22:12,DELIVERED
DEL0000177,ORD0000177,DP1012,2026-04-28 10:15:01,2026-04-28 10:56:46,DELIVERED
DEL0000178,ORD0000178,DP1023,,,FAILED
DEL0000179,ORD0000179,DP1007,2026-04-28 20:35:01,2026-04-28 21:12:23,DELIVERED
DEL0000180,ORD0000180,DP1017,2026-04-29 13:05:39,2026-04-29 13:31:06,DELIVERED
DEL0000181,ORD0000181,DP1001,2026-04-29 20:04:03,2026-04-29 20:45:01,DELIVERED
DEL0000182,ORD0000182,DP1006,2026-04-29 22:28:30,2026-04-29 22:49:21,DELIVERED
DEL0000183,ORD0000183,DP1008,2026-04-29 22:19:42,2026-04-29 22:53:17,DELIVERED
DEL0000184,ORD0000184,DP1019,2026-04-30 21:19:05,2026-04-30 21:43:39,DELIVERED
DEL0000185,ORD0000185,DP1025,2026-05-01 10:27:44,2026-05-01 10:49:36,DELIVERED
DEL0000186,ORD0000186,DP1023,,,FAILED
DEL0000187,ORD0000187,DP1018,2026-05-02 13:10:12,2026-05-02 13:48:44,DELIVERED
DEL0000188,ORD0000188,DP1009,2026-05-03 13:55:06,2026-05-03 14:11:47,DELIVERED
DEL0000189,ORD0000189,DP1020,2026-05-04 10:54:29,2026-05-04 11:12:05,DELIVERED
DEL0000190,ORD0000190,DP1027,2026-05-05 18:09:34,2026-05-05 18:35:13,DELIVERED
DEL0000191,ORD0000191,DP1013,2026-05-05 19:48:42,2026-05-05 20:04:41,DELIVERED
DEL0000192,ORD0000192,DP1004,2026-05-06 17:49:00,2026-05-06 18:14:33,DELIVERED
DEL0000193,ORD0000193,DP1029,2026-05-06 22:03:54,2026-05-06 22:41:57,DELIVERED
DEL0000194,ORD0000194,DP1012,2026-05-08 12:44:25,2026-05-08 13:13:33,DELIVERED
DEL0000195,ORD0000195,DP1012,2026-05-08 20:18:26,2026-05-08 21:01:45,DELIVERED
DEL0000196,ORD0000196,DP1024,2026-05-09 12:56:02,2026-05-09 13:14:04,DELIVERED
DEL0000197,ORD0000197,DP1013,2026-05-09 14:08:46,2026-05-09 14:26:28,DELIVERED
DEL0000198,ORD0000198,DP1008,2026-05-09 19:48:58,2026-05-09 20:29:37,DELIVERED
DEL0000199,ORD0000199,DP1019,2026-05-09 20:37:33,2026-05-09 21:17:54,DELIVERED
DEL0000200,ORD0000200,DP1016,2026-05-09 22:03:20,2026-05-09 22:38:19,DELIVERED
DEL0000201,ORD0000201,DP1016,2026-05-10 16:48:30,2026-05-10 17:33:23,DELIVERED
DEL0000202,ORD0000202,DP1012,2026-05-10 20:26:27,2026-05-10 21:10:02,DELIVERED
DEL0000203,ORD0000203,DP1012,2026-05-10 21:21:18,2026-05-10 22:03:01,DELIVERED
DEL0000204,ORD0000204,DP1022,2026-05-10 22:52:46,2026-05-10 23:08:43,DELIVERED
DEL0000205,ORD0000205,DP1012,2026-05-10 22:53:17,2026-05-10 23:18:45,DELIVERED
DEL0000206,ORD0000206,DP1026,2026-05-13 23:09:46,2026-05-13 23:42:55,DELIVERED
DEL0000207,ORD0000207,DP1001,2026-05-14 13:13:26,2026-05-14 13:31:56,DELIVERED
DEL0000208,ORD0000208,DP1011,2026-05-14 14:39:20,2026-05-14 15:08:43,DELIVERED
DEL0000209,ORD0000209,DP1028,2026-05-14 20:56:42,2026-05-14 21:39:38,DELIVERED
DEL0000210,ORD0000210,DP1014,2026-05-16 04:38:40,2026-05-16 05:01:58,DELIVERED
DEL0000211,ORD0000211,DP1024,2026-05-16 19:16:54,2026-05-16 19:34:07,DELIVERED
DEL0000212,ORD0000212,DP1014,2026-05-17 13:30:20,2026-05-17 14:24:21,DELIVERED
DEL0000213,ORD0000213,DP1008,2026-05-17 21:48:01,2026-05-17 22:29:31,DELIVERED
DEL0000214,ORD0000214,DP1010,2026-05-19 10:58:55,2026-05-19 11:29:42,DELIVERED
DEL0000215,ORD0000215,DP1015,2026-05-19 22:41:23,2026-05-19 23:17:33,DELIVERED
DEL0000216,ORD0000216,DP1006,2026-05-19 23:43:16,2026-05-20 00:19:34,DELIVERED
DEL0000217,ORD0000217,DP1023,2026-05-20 14:03:57,2026-05-20 14:31:19,DELIVERED
DEL0000218,ORD0000218,DP1010,2026-05-20 18:16:27,2026-05-20 18:57:02,DELIVERED
DEL0000219,ORD0000219,DP1023,2026-05-20 22:16:21,2026-05-20 22:49:39,DELIVERED
DEL0000220,ORD0000220,DP1026,2026-05-21 10:57:02,2026-05-21 11:20:08,DELIVERED
DEL0000221,ORD0000221,DP1012,2026-05-21 13:15:35,2026-05-21 13:48:15,DELIVERED
DEL0000222,ORD0000222,DP1018,2026-05-21 14:23:49,2026-05-21 14:53:23,DELIVERED
DEL0000223,ORD0000223,DP1012,2026-05-23 15:18:25,2026-05-23 15:44:23,DELIVERED
DEL0000224,ORD0000224,DP1011,2026-05-23 18:24:46,2026-05-23 18:44:11,DELIVERED
DEL0000225,ORD0000225,DP1012,2026-05-23 20:49:35,2026-05-23 21:30:48,DELIVERED
DEL0000226,ORD0000226,DP1019,2026-05-24 12:13:04,2026-05-24 12:47:39,DELIVERED
DEL0000227,ORD0000227,DP1008,,,FAILED
DEL0000228,ORD0000228,DP1006,2026-05-25 21:10:20,2026-05-25 21:50:09,DELIVERED
DEL0000229,ORD0000229,DP1012,2026-05-26 05:46:36,2026-05-26 06:22:18,DELIVERED
DEL0000230,ORD0000230,DP1027,2026-05-26 23:33:35,2026-05-26 23:53:06,DELIVERED
DEL0000231,ORD0000231,DP1007,2026-05-27 12:53:23,2026-05-27 13:17:44,DELIVERED
DEL0000232,ORD0000232,DP1028,2026-05-28 13:59:05,2026-05-28 14:27:22,DELIVERED
DEL0000233,ORD0000233,DP1030,2026-05-28 14:34:27,2026-05-28 15:02:26,DELIVERED
DEL0000234,ORD0000234,DP1009,2026-05-29 09:17:40,2026-05-29 10:01:01,DELIVERED
DEL0000235,ORD0000235,DP1028,,,FAILED
DEL0000236,ORD0000236,DP1026,2026-05-29 23:44:58,2026-05-30 00:31:26,DELIVERED
DEL0000237,ORD0000237,DP1003,2026-05-30 09:54:49,2026-05-30 10:09:53,DELIVERED
DEL0000238,ORD0000238,DP1011,2026-05-30 13:17:18,2026-05-30 13:46:13,DELIVERED
DEL0000239,ORD0000239,DP1001,2026-06-01 00:36:20,2026-06-01 01:03:58,DELIVERED
DEL0000240,ORD0000240,DP1002,2026-06-01 16:48:02,2026-06-01 17:32:45,DELIVERED
DEL0000241,ORD0000241,DP1001,2026-06-01 17:53:51,2026-06-01 18:12:16,DELIVERED
DEL0000242,ORD0000242,DP1004,2026-06-01 21:31:14,2026-06-01 21:50:40,DELIVERED
DEL0000243,ORD0000243,DP1012,2026-06-02 08:36:19,2026-06-02 09:09:09,DELIVERED
DEL0000244,ORD0000244,DP1003,2026-06-02 13:33:29,2026-06-02 14:05:40,DELIVERED
DEL0000245,ORD0000245,DP1012,2026-06-03 11:02:40,2026-06-03 11:27:59,DELIVERED
DEL0000246,ORD0000246,DP1012,2026-06-03 17:27:46,2026-06-03 17:55:40,DELIVERED
DEL0000247,ORD0000247,DP1017,2026-06-03 18:56:39,2026-06-03 19:30:15,DELIVERED
DEL0000248,ORD0000248,DP1003,2026-06-03 19:09:59,2026-06-03 19:47:31,DELIVERED
DEL0000249,ORD0000249,DP1012,2026-06-03 21:53:31,2026-06-03 22:10:34,DELIVERED
DEL0000250,ORD0000250,DP1012,2026-06-04 13:06:32,2026-06-04 13:31:31,DELIVERED
DEL0000251,ORD0000251,DP1012,2026-06-05 11:28:48,2026-06-05 11:50:12,DELIVERED
DEL0000252,ORD0000252,DP1020,2026-06-05 12:12:37,2026-06-05 13:11:35,DELIVERED
DEL0000253,ORD0000253,DP1017,2026-06-05 20:51:28,2026-06-05 21:26:04,DELIVERED
DEL0000254,ORD0000254,DP1002,2026-06-05 21:20:24,2026-06-05 21:37:06,DELIVERED
DEL0000255,ORD0000255,DP1018,2026-06-06 00:11:23,2026-06-06 00:59:06,DELIVERED
DEL0000256,ORD0000256,DP1026,2026-06-06 12:37:16,2026-06-06 13:15:22,DELIVERED
DEL0000257,ORD0000257,DP1001,2026-06-06 19:44:07,2026-06-06 20:24:22,DELIVERED
DEL0000258,ORD0000258,DP1016,2026-06-06 22:33:58,2026-06-06 23:02:01,DELIVERED
DEL0000259,ORD0000259,DP1011,2026-06-07 14:43:45,2026-06-07 15:15:10,DELIVERED
DEL0000260,ORD0000260,DP1012,2026-06-07 17:42:59,2026-06-07 17:58:40,DELIVERED
DEL0000261,ORD0000261,DP1013,2026-06-07 20:55:41,2026-06-07 21:12:20,DELIVERED
DEL0000262,ORD0000262,DP1011,2026-06-07 22:20:23,2026-06-07 22:43:04,DELIVERED
DEL0000263,ORD0000263,DP1003,2026-06-08 13:14:32,2026-06-08 13:32:33,DELIVERED
DEL0000264,ORD0000264,DP1015,2026-06-08 17:53:32,2026-06-08 18:14:36,DELIVERED
DEL0000265,ORD0000265,DP1012,2026-06-08 19:13:07,2026-06-08 19:38:10,DELIVERED
DEL0000266,ORD0000266,DP1005,,,FAILED
DEL0000267,ORD0000267,DP1010,2026-06-09 13:40:13,2026-06-09 14:13:07,DELIVERED
DEL0000268,ORD0000268,DP1011,2026-06-09 17:45:26,2026-06-09 18:01:58,DELIVERED
DEL0000269,ORD0000269,DP1001,2026-06-11 16:12:52,2026-06-11 16:42:48,DELIVERED
DEL0000270,ORD0000270,DP1011,2026-06-11 17:43:58,2026-06-11 18:16:12,DELIVERED
DEL0000271,ORD0000271,DP1011,2026-06-12 23:05:20,2026-06-12 23:53:07,DELIVERED
DEL0000272,ORD0000272,DP1013,2026-06-13 12:01:04,2026-06-13 12:45:45,DELIVERED
DEL0000273,ORD0000273,DP1017,2026-06-13 13:24:14,2026-06-13 13:59:57,DELIVERED
DEL0000274,ORD0000274,DP1022,2026-06-13 19:59:15,2026-06-13 20:35:31,DELIVERED
DEL0000275,ORD0000275,DP1012,2026-06-13 21:37:48,2026-06-13 22:07:57,DELIVERED
DEL0000276,ORD0000276,DP1018,2026-06-14 12:33:51,2026-06-14 13:28:30,DELIVERED
DEL0000277,ORD0000277,DP1026,2026-06-15 12:41:39,2026-06-15 13:04:24,DELIVERED
DEL0000278,ORD0000278,DP1025,2026-06-15 14:51:57,2026-06-15 15:17:52,DELIVERED
DEL0000279,ORD0000279,DP1028,2026-06-16 21:54:20,2026-06-16 22:23:05,DELIVERED
DEL0000280,ORD0000280,DP1012,2026-06-17 21:50:34,2026-06-17 22:39:44,DELIVERED
DEL0000281,ORD0000281,DP1007,2026-06-19 09:16:59,2026-06-19 09:49:59,DELIVERED
DEL0000282,ORD0000282,DP1018,2026-06-19 14:57:12,2026-06-19 15:25:55,DELIVERED
DEL0000283,ORD0000283,DP1028,2026-06-19 20:49:38,2026-06-19 21:12:06,DELIVERED
DEL0000284,ORD0000284,DP1023,2026-06-20 19:00:36,2026-06-20 19:21:14,DELIVERED
DEL0000285,ORD0000285,DP1012,2026-06-22 19:03:32,2026-06-22 19:34:21,DELIVERED
DEL0000286,ORD0000286,DP1020,2026-06-23 13:17:59,2026-06-23 13:58:06,DELIVERED
DEL0000287,ORD0000287,DP1016,2026-06-23 20:22:21,2026-06-23 20:47:05,DELIVERED
DEL0000288,ORD0000288,DP1022,,,FAILED
DEL0000289,ORD0000289,DP1017,2026-06-25 17:05:19,2026-06-25 17:50:15,DELIVERED
DEL0000290,ORD0000290,DP1030,2026-06-26 12:59:31,2026-06-26 13:14:43,DELIVERED
DEL0000291,ORD0000291,DP1011,2026-06-26 13:16:07,2026-06-26 13:56:19,DELIVERED
DEL0000292,ORD0000292,DP1018,2026-06-26 22:31:52,2026-06-26 23:13:02,DELIVERED
DEL0000293,ORD0000293,DP1013,2026-06-27 12:18:41,2026-06-27 12:57:26,DELIVERED
DEL0000294,ORD0000294,DP1012,2026-06-27 12:45:06,2026-06-27 13:25:53,DELIVERED
DEL0000295,ORD0000295,DP1024,2026-06-27 14:19:00,2026-06-27 14:39:19,DELIVERED
DEL0000296,ORD0000296,DP1004,2026-06-28 14:05:10,2026-06-28 14:31:09,DELIVERED
DEL0000297,ORD0000297,DP1001,2026-06-28 23:32:30,2026-06-29 00:02:29,DELIVERED
DEL0000298,ORD0000298,DP1001,2026-06-30 13:02:38,2026-06-30 13:19:43,DELIVERED
DEL0000299,ORD0000299,DP1011,2026-07-01 13:56:49,2026-07-01 14:36:39,DELIVERED
DEL0000300,ORD0000300,DP1024,,,FAILED
DEL0000301,ORD0000301,DP1003,2026-07-02 08:12:42,2026-07-02 08:29:25,DELIVERED
DEL0000302,ORD0000302,DP1012,2026-07-02 13:12:35,2026-07-02 13:33:08,DELIVERED
DEL0000303,ORD0000303,DP1003,2026-07-03 12:35:57,2026-07-03 13:08:42,DELIVERED
DEL0000304,ORD0000304,DP1005,2026-07-03 13:45:14,2026-07-03 14:22:10,DELIVERED
DEL0000305,ORD0000305,DP1012,2026-07-03 13:56:24,2026-07-03 14:18:02,DELIVERED
DEL0000306,ORD0000306,DP1020,2026-07-03 19:37:36,2026-07-03 20:25:30,DELIVERED
DEL0000307,ORD0000307,DP1019,2026-07-05 09:41:25,2026-07-05 10:19:37,DELIVERED
DEL0000308,ORD0000308,DP1004,2026-07-05 22:10:28,2026-07-05 22:50:00,DELIVERED
DEL0000309,ORD0000309,DP1019,2026-07-07 18:41:08,2026-07-07 19:20:34,DELIVERED
DEL0000310,ORD0000310,DP1015,2026-07-07 21:25:00,2026-07-07 21:41:28,DELIVERED
DEL0000311,ORD0000311,DP1012,,,FAILED
DEL0000312,ORD0000312,DP1018,2026-07-08 19:35:46,2026-07-08 20:14:25,DELIVERED
DEL0000313,ORD0000313,DP1019,2026-07-09 11:35:16,2026-07-09 12:05:38,DELIVERED
DEL0000314,ORD0000314,DP1015,2026-07-09 11:44:46,2026-07-09 12:14:07,DELIVERED
DEL0000315,ORD0000315,DP1013,2026-07-09 11:37:58,2026-07-09 12:09:42,DELIVERED
DEL0000316,ORD0000316,DP1004,2026-07-09 22:35:39,2026-07-09 23:04:04,DELIVERED
DEL0000317,ORD0000317,DP1012,2026-07-10 00:03:21,2026-07-10 00:36:49,DELIVERED
DEL0000318,ORD0000318,DP1015,2026-07-10 13:58:01,2026-07-10 14:37:40,DELIVERED
DEL0000319,ORD0000319,DP1024,2026-07-12 12:44:09,2026-07-12 13:05:10,DELIVERED
DEL0000320,ORD0000320,DP1008,2026-07-12 23:51:25,2026-07-13 00:25:02,DELIVERED
DEL0000321,ORD0000321,DP1005,2026-07-14 13:18:51,2026-07-14 13:41:27,DELIVERED
DEL0000322,ORD0000322,DP1028,2026-07-15 00:26:16,2026-07-15 01:18:11,DELIVERED
DEL0000323,ORD0000323,DP1010,2026-07-15 19:16:29,2026-07-15 19:43:59,DELIVERED
DEL0000324,ORD0000324,DP1012,2026-07-16 12:00:34,2026-07-16 12:34:43,DELIVERED
DEL0000325,ORD0000325,DP1023,,,FAILED
DEL0000326,ORD0000326,DP1016,2026-07-18 14:21:29,2026-07-18 14:51:12,DELIVERED
DEL0000327,ORD0000327,DP1023,2026-07-19 08:34:53,2026-07-19 09:18:03,DELIVERED
DEL0000328,ORD0000328,DP1022,,,FAILED
DEL0000329,ORD0000329,DP1017,2026-07-20 22:35:47,2026-07-20 23:18:18,DELIVERED
DEL0000330,ORD0000330,DP1022,2026-07-21 13:13:43,2026-07-21 13:35:31,DELIVERED
DEL0000331,ORD0000331,DP1029,2026-07-21 21:48:38,2026-07-21 22:29:30,DELIVERED
DEL0000332,ORD0000332,DP1030,2026-07-21 22:10:51,2026-07-21 22:38:12,DELIVERED
DEL0000333,ORD0000333,DP1016,2026-07-22 00:08:49,2026-07-22 00:49:04,DELIVERED
DEL0000334,ORD0000334,DP1012,2026-07-22 21:17:57,2026-07-22 21:47:49,DELIVERED
DEL0000335,ORD0000335,DP1008,2026-07-24 09:56:12,2026-07-24 10:37:19,DELIVERED
DEL0000336,ORD0000336,DP1017,2026-07-24 10:41:58,2026-07-24 11:40:42,DELIVERED
DEL0000337,ORD0000337,DP1017,,,FAILED
DEL0000338,ORD0000338,DP1017,,,FAILED
DEL0000339,ORD0000339,DP1022,,,FAILED
DEL0000340,ORD0000340,DP1020,2026-07-26 19:16:14,2026-07-26 19:47:29,DELIVERED
DEL0000341,ORD0000341,DP1007,2026-07-27 12:03:25,2026-07-27 12:44:50,DELIVERED
DEL0000342,ORD0000342,DP1011,2026-07-27 13:05:46,2026-07-27 13:29:59,DELIVERED
DEL0000343,ORD0000343,DP1030,2026-07-27 14:14:18,2026-07-27 14:37:35,DELIVERED
DEL0000344,ORD0000344,DP1021,2026-07-28 22:41:54,2026-07-28 23:09:21,DELIVERED
DEL0000345,ORD0000345,DP1012,2026-07-29 11:04:59,2026-07-29 11:32:19,DELIVERED
DEL0000346,ORD0000346,DP1011,2026-07-29 17:46:13,2026-07-29 18:42:57,DELIVERED
DEL0000347,ORD0000347,DP1012,2026-07-29 19:44:19,2026-07-29 20:06:20,DELIVERED
DEL0000348,ORD0000348,DP1002,2026-07-30 12:53:23,2026-07-30 13:10:46,DELIVERED
DEL0000349,ORD0000349,DP1025,2026-07-30 17:57:18,2026-07-30 18:38:48,DELIVERED
DEL0000350,ORD0000350,DP1030,2026-07-30 18:56:59,2026-07-30 19:48:14,DELIVERED
DEL0000351,ORD0000351,DP1030,2026-07-31 07:34:41,2026-07-31 08:13:28,DELIVERED
DEL0000352,ORD0000352,DP1026,2026-07-31 13:14:28,2026-07-31 13:40:19,DELIVERED
DEL0000353,ORD0000353,DP1017,2026-07-31 21:39:20,2026-07-31 22:00:12,DELIVERED
DEL0000354,ORD0000354,DP1023,,,FAILED
DEL0000355,ORD0000355,DP1023,2026-08-02 11:10:29,2026-08-02 11:37:15,DELIVERED
DEL0000356,ORD0000356,DP1017,2026-08-02 12:38:10,2026-08-02 13:17:06,DELIVERED
DEL0000357,ORD0000357,DP1027,2026-08-02 16:27:13,2026-08-02 16:50:24,DELIVERED
DEL0000358,ORD0000358,DP1017,2026-08-02 19:24:54,2026-08-02 20:00:47,DELIVERED
DEL0000359,ORD0000359,DP1026,2026-08-02 22:36:37,2026-08-02 23:36:28,DELIVERED
DEL0000360,ORD0000360,DP1012,2026-08-04 23:02:35,2026-08-04 23:28:17,DELIVERED
DEL0000361,ORD0000361,DP1014,2026-08-05 14:55:36,2026-08-05 15:31:16,DELIVERED
DEL0000362,ORD0000362,DP1030,2026-08-05 20:04:13,2026-08-05 20:30:36,DELIVERED
DEL0000363,ORD0000363,DP1022,,,FAILED
DEL0000364,ORD0000364,DP1017,2026-08-06 19:19:30,2026-08-06 19:57:12,DELIVERED
DEL0000365,ORD0000365,DP1029,2026-08-06 22:58:47,2026-08-06 23:34:02,DELIVERED
DEL0000366,ORD0000366,DP1030,2026-08-07 18:03:35,2026-08-07 18:33:28,DELIVERED
DEL0000367,ORD0000367,DP1012,2026-08-09 19:51:07,2026-08-09 20:50:06,DELIVERED
DEL0000368,ORD0000368,DP1028,2026-08-09 22:38:54,2026-08-09 23:15:19,DELIVERED
DEL0000369,ORD0000369,DP1012,2026-08-10 20:27:58,2026-08-10 21:07:09,DELIVERED
DEL0000370,ORD0000370,DP1012,2026-08-11 20:48:56,2026-08-11 21:28:03,DELIVERED
DEL0000371,ORD0000371,DP1017,,,FAILED
DEL0000372,ORD0000372,DP1024,2026-08-14 14:48:42,2026-08-14 15:26:50,DELIVERED
DEL0000373,ORD0000373,DP1018,2026-08-15 15:29:21,2026-08-15 15:59:17,DELIVERED
DEL0000374,ORD0000374,DP1024,2026-08-15 18:42:09,2026-08-15 19:06:52,DELIVERED
DEL0000375,ORD0000375,DP1016,2026-08-16 10:13:58,2026-08-16 10:33:40,DELIVERED
DEL0000376,ORD0000376,DP1023,2026-08-16 15:31:44,2026-08-16 16:04:16,DELIVERED
DEL0000377,ORD0000377,DP1023,2026-08-16 21:42:13,2026-08-16 22:24:09,DELIVERED
DEL0000378,ORD0000378,DP1020,2026-08-16 22:16:18,2026-08-16 22:57:56,DELIVERED
DEL0000379,ORD0000379,DP1018,2026-08-17 20:06:25,2026-08-17 20:40:41,DELIVERED
DEL0000380,ORD0000380,DP1025,2026-08-19 21:51:17,2026-08-19 22:47:48,DELIVERED
DEL0000381,ORD0000381,DP1012,2026-08-19 23:06:08,2026-08-19 23:30:59,DELIVERED
DEL0000382,ORD0000382,DP1019,2026-08-20 18:16:17,2026-08-20 18:36:49,DELIVERED
DEL0000383,ORD0000383,DP1016,2026-08-20 21:45:56,2026-08-20 22:29:09,DELIVERED
DEL0000384,ORD0000384,DP1025,2026-08-21 12:45:13,2026-08-21 13:15:27,DELIVERED
DEL0000385,ORD0000385,DP1003,2026-08-22 14:54:05,2026-08-22 15:19:58,DELIVERED
DEL0000386,ORD0000386,DP1006,2026-08-22 23:03:56,2026-08-22 23:29:04,DELIVERED
DEL0000387,ORD0000387,DP1022,2026-08-23 00:23:34,2026-08-23 00:56:26,DELIVERED
DEL0000388,ORD0000388,DP1006,2026-08-23 09:16:28,2026-08-23 09:44:44,DELIVERED
DEL0000389,ORD0000389,DP1023,2026-08-24 13:52:49,2026-08-24 14:31:44,DELIVERED
DEL0000390,ORD0000390,DP1027,2026-08-25 13:37:47,2026-08-25 13:53:54,DELIVERED
DEL0000391,ORD0000391,DP1011,2026-08-25 23:57:30,2026-08-26 00:33:36,DELIVERED
DEL0000392,ORD0000392,DP1028,,,FAILED
DEL0000393,ORD0000393,DP1012,2026-08-28 15:07:57,2026-08-28 15:54:51,DELIVERED
DEL0000394,ORD0000394,DP1028,2026-08-28 15:11:15,2026-08-28 15:30:06,DELIVERED
DEL0000395,ORD0000395,DP1024,2026-08-28 15:57:36,2026-08-28 16:30:07,DELIVERED
DEL0000396,ORD0000396,DP1024,2026-08-30 11:16:05,2026-08-30 11:40:01,DELIVERED
DEL0000397,ORD0000397,DP1003,2026-08-30 16:50:08,2026-08-30 17:08:42,DELIVERED
DEL0000398,ORD0000398,DP1012,2026-08-30 20:15:37,2026-08-30 20:45:04,DELIVERED
DEL0000399,ORD0000399,DP1028,2026-08-31 14:41:41,2026-08-31 15:06:26,DELIVERED
DEL0000400,ORD0000400,DP1023,2026-08-31 20:31:33,2026-08-31 21:07:10,DELIVERED
DEL8000008,ORD0000330,DP1022,2026-07-21 13:13:43,2026-07-21 13:03:43,DELIVERED
