customer_id,customer_name,email,city,signup_date
C10001,Sneha Gupta,sneha.gupta10001@example.com,Kolkata,2025-01-01
C10002,Tanvi Das,tanvi.das10002@example.com,Ahmedabad,2025-01-04
C10003,Varun Desai,varun.desai10003@example.com,Mumbai,2025-01-04
C10004,Varun Rao,varun.rao10004@example.com,Delhi,2025-01-07
C10005,Gaurav Nair,gaurav.nair10005@example.com,Bengaluru,2025-01-15
C10006,Priya Pillai,priya.pillai10006@example.com,Chennai,2025-01-19
C10007,Harsh Kulkarni,harsh.kulkarni10007@example.com,Chennai,2025-01-22
C10008,Priya Bose,priya.bose10008@example.com,Ahmedabad,2025-01-29
C10009,Tanvi Verma,tanvi.verma10009@example.com,Delhi,2025-02-01
C10010,Aisha Menon,aisha.menon10010@example.com,Pune,2025-02-04
C10011,Ishita Singh,ishita.singh10011@example.com,Pune,2025-02-07
C10012,Arjun Das,arjun.das10012@example.com,Kolkata,2025-02-13
C10013,Anjali Nair,anjali.nair10013@example.com,Chennai,2025-02-17
C10014,Rahul Chopra,rahul.chopra10014@example.com,Hyderabad,2025-02-18
C10015,Manish Bose,manish.bose10015@example.com,Pune,2025-02-25
C10016,Amit Patil,amit.patil10016@example.com,Chennai,2025-02-25
C10017,Priya Patil,priya.patil10017@example.com,Ahmedabad,2025-03-04
C10018,Ishita Agarwal,ishita.agarwal10018@example.com,Pune,2025-03-08
C10019,Kavya Joshi,kavya.joshi10019@example.com,Chennai,2025-03-14
C10020,Manish Gupta,manish.gupta10020@example.com,Pune,2025-03-14
C10021,Siddharth Sharma,siddharth.sharma10021@example.com,Kolkata,2025-03-14
C10022,Rahul Iyer,rahul.iyer10022@example.com,Chennai,2025-03-15
C10023,Ishita Kulkarni,ishita.kulkarni10023@example.com,Kolkata,2025-03-16
C10024,Lakshmi Verma,lakshmi.verma10024@example.com,Pune,2025-03-19
C10025,Rohan Desai,rohan.desai10025@example.com,Ahmedabad,2025-03-21
C10026,Gaurav Reddy,gaurav.reddy10026@example.com,Kolkata,2025-03-21
C10027,Arjun Joshi,arjun.joshi10027@example.com,Pune,2025-03-22
C10028,Nisha Joshi,nisha.joshi10028@example.com,Ahmedabad,2025-03-22
C10029,Kavya Menon,kavya.menon10029@example.com,Chennai,2025-03-23
C10030,Harsh Shah,harsh.shah10030@example.com,Ahmedabad,2025-03-29
C10031,Shreya Menon,shreya.menon10031@example.com,Bengaluru,2025-04-02
C10032,Gaurav Desai,gaurav.desai10032@example.com,Kolkata,2025-04-04
C10033,Nikhil Kulkarni,nikhil.kulkarni10033@example.com,Hyderabad,2025-04-08
C10034,Rahul Menon,rahul.menon10034@example.com,Mumbai,2025-04-10
C10035,Harsh Patil,harsh.patil10035@example.com,Pune,2025-04-12
C10036,Arjun Shah,arjun.shah10036@example.com,Pune,2025-04-22
C10037,Meera Reddy,meera.reddy10037@example.com,Pune,2025-04-23
C10038,Tanvi Shah,tanvi.shah10038@example.com,Ahmedabad,2025-04-23
C10039,Ishita Gupta,ishita.gupta10039@example.com,Ahmedabad,2025-04-28
C10040,Suresh Agarwal,suresh.agarwal10040@example.com,Mumbai,2025-04-30
C10041,Nisha Chopra,nisha.chopra10041@example.com,Kolkata,2025-05-05
C10042,Kavya Verma,kavya.verma10042@example.com,Kolkata,2025-05-09
C10043,Suresh Pillai,suresh.pillai10043@example.com,Hyderabad,2025-05-12
C10044,Meera Menon,meera.menon10044@example.com,Ahmedabad,2025-05-15
C10045,Amit Menon,amit.menon10045@example.com,Delhi,2025-05-18
C10046,Sneha Bose,sneha.bose10046@example.com,Bengaluru,2025-05-23
C10047,Karan Pillai,karan.pillai10047@example.com,Pune,2025-05-26
C10048,Ishita Bose,ishita.bose10048@example.com,Chennai,2025-05-27
C10049,Nikhil Patil,nikhil.patil10049@example.com,Hyderabad,2025-06-01
C10050,Vikram Pillai,vikram.pillai10050@example.com,Ahmedabad,2025-06-02
C10051,Rahul Chopra,rahul.chopra10051@example.com,Hyderabad,2025-06-03
C10052,Ishita Shah,ishita.shah10052@example.com,Ahmedabad,2025-06-07
C10053,Siddharth Agarwal,siddharth.agarwal10053@example.com,Ahmedabad,2025-06-09
C10054,Aditya Shah,aditya.shah10054@example.com,Chennai,2025-06-10
C10055,Suresh Mehta,suresh.mehta10055@example.com,Delhi,2025-06-10
C10056,Harsh Singh,harsh.singh10056@example.com,Bengaluru,2025-06-16
C10057,Harsh Menon,harsh.menon10057@example.com,Ahmedabad,2025-06-19
C10058,Amit Das,amit.das10058@example.com,Mumbai,2025-06-23
C10059,Shreya Menon,shreya.menon10059@example.com,Kolkata,2025-06-23
C10060,Arjun Patil,arjun.patil10060@example.com,Mumbai,2025-06-24
C10061,Pooja Shah,pooja.shah10061@example.com,Ahmedabad,2025-06-25
C10062,Amit Rao,amit.rao10062@example.com,Bengaluru,2025-06-26
C10063,Shreya Menon,shreya.menon10063@example.com,Kolkata,2025-06-26
C10064,Priya Bose,priya.bose10064@example.com,Ahmedabad,2025-06-27
C10065,Amit Chopra,amit.chopra10065@example.com,Pune,2025-06-28
C10066,Vikram Verma,vikram.verma10066@example.com,Mumbai,2025-06-29
C10067,Tanvi Chopra,tanvi.chopra10067@example.com,Chennai,2025-06-30
C10068,Varun Reddy,varun.reddy10068@example.com,Chennai,2025-07-03
C10069,Shreya Pillai,shreya.pillai10069@example.com,Mumbai,2025-07-06
C10070,Varun Singh,varun.singh10070@example.com,Bengaluru,2025-07-10
C10071,Sneha Reddy,sneha.reddy10071@example.com,Pune,2025-07-12
C10072,Suresh Patil,suresh.patil10072@example.com,Chennai,2025-07-16
C10073,Deepak Patil,deepak.patil10073@example.com,Delhi,2025-07-21
C10074,Divya Patil,divya.patil10074@example.com,Mumbai,2025-07-22
C10075,Harsh Joshi,harsh.joshi10075@example.com,Kolkata,2025-07-22
C10076,Harsh Menon,harsh.menon10076@example.com,Kolkata,2025-07-24
C10077,Aisha Das,aisha.das10077@example.com,Pune,2025-07-25
C10078,Gaurav Singh,gaurav.singh10078@example.com,Bengaluru,2025-07-27
C10079,Priya Rao,priya.rao10079@example.com,Pune,2025-07-30
C10080,Riya Das,riya.das10080@example.com,Chennai,2025-07-31
C10081,Kavya Pillai,kavya.pillai10081@example.com,Ahmedabad,2025-08-01
C10082,Siddharth Gupta,siddharth.gupta10082@example.com,Hyderabad,2025-08-01
C10083,Meera Nair,meera.nair10083@example.com,Mumbai,2025-08-03
C10084,Gaurav Sharma,gaurav.sharma10084@example.com,Kolkata,2025-08-05
C10085,Aditya Verma,aditya.verma10085@example.com,Kolkata,2025-08-06
C10086,Nikhil Kulkarni,nikhil.kulkarni10086@example.com,Delhi,2025-08-12
C10087,Aditya Desai,aditya.desai10087@example.com,Bengaluru,2025-08-13
C10088,Priya Menon,priya.menon10088@example.com,Kolkata,2025-08-14
C10089,Anjali Desai,anjali.desai10089@example.com,Chennai,2025-08-15
C10090,Anjali Joshi,anjali.joshi10090@example.com,Delhi,2025-08-18
C10091,Gaurav Chopra,gaurav.chopra10091@example.com,Kolkata,2025-08-22
C10092,Rohan Kulkarni,rohan.kulkarni10092@example.com,Chennai,2025-08-25
C10093,Suresh Kulkarni,suresh.kulkarni10093@example.com,Ahmedabad,2025-08-27
C10094,Amit Reddy,amit.reddy10094@example.com,Pune,2025-08-31
C10095,Anjali Rao,anjali.rao10095@example.com,Bengaluru,2025-09-11
C10096,Karan Desai,karan.desai10096@example.com,Bengaluru,2025-09-18
C10097,Lakshmi Mehta,lakshmi.mehta10097@example.com,Bengaluru,2025-09-18
C10098,Karan Verma,karan.verma10098@example.com,Pune,2025-09-20
C10099,Aisha Desai,aisha.desai10099@example.com,Hyderabad,2025-09-20
C10100,Karan Singh,karan.singh10100@example.com,Delhi,2025-09-20
C10101,Sneha Patil,sneha.patil10101@example.com,Hyderabad,2025-09-22
C10102,Shreya Shah,shreya.shah10102@example.com,Chennai,2025-09-23
C10103,Aisha Agarwal,aisha.agarwal10103@example.com,Kolkata,2025-09-28
C10104,Aditya Bose,aditya.bose10104@example.com,Delhi,2025-09-30
C10105,Aisha Bose,aisha.bose10105@example.com,Kolkata,2025-09-30
C10106,Vikram Das,vikram.das10106@example.com,Bengaluru,2025-10-04
C10107,Deepak Singh,deepak.singh10107@example.com,Mumbai,2025-10-05
C10108,Amit Das,amit.das10108@example.com,Pune,2025-10-06
C10109,Gaurav Menon,gaurav.menon10109@example.com,Kolkata,2025-10-06
C10110,Vikram Verma,vikram.verma10110@example.com,Hyderabad,2025-10-10
C10111,Siddharth Bose,siddharth.bose10111@example.com,Ahmedabad,2025-10-12
C10112,Rahul Desai,rahul.desai10112@example.com,Hyderabad,2025-10-18
C10113,Aisha Patil,aisha.patil10113@example.com,Pune,2025-10-21
C10114,Pooja Menon,pooja.menon10114@example.com,Hyderabad,2025-10-24
C10115,Tanvi Gupta,tanvi.gupta10115@example.com,Mumbai,2025-10-28
C10116,Siddharth Verma,siddharth.verma10116@example.com,Chennai,2025-10-29
C10117,Pooja Nair,pooja.nair10117@example.com,Chennai,2025-11-01
C10118,Nisha Joshi,nisha.joshi10118@example.com,Ahmedabad,2025-11-03
C10119,Aditya Chopra,aditya.chopra10119@example.com,Mumbai,2025-11-07
C10120,Amit Chopra,amit.chopra10120@example.com,Ahmedabad,2025-11-08
C10121,Neha Rao,neha.rao10121@example.com,Kolkata,2025-11-09
C10122,Anjali Agarwal,anjali.agarwal10122@example.com,Ahmedabad,2025-11-10
C10123,Varun Bose,varun.bose10123@example.com,Delhi,2025-11-11
C10124,Priya Shah,priya.shah10124@example.com,Mumbai,2025-11-14
C10125,Rohan Joshi,rohan.joshi10125@example.com,Ahmedabad,2025-11-15
C10126,Ishita Menon,ishita.menon10126@example.com,Chennai,2025-11-17
C10127,Deepak Shah,deepak.shah10127@example.com,Pune,2025-11-19
C10128,Gaurav Singh,gaurav.singh10128@example.com,Pune,2025-11-20
C10129,Meera Joshi,meera.joshi10129@example.com,Delhi,2025-11-23
C10130,Manish Bose,manish.bose10130@example.com,Mumbai,2025-11-24
C10131,Vikram Chopra,vikram.chopra10131@example.com,Bengaluru,2025-11-25
C10132,Arjun Shah,arjun.shah10132@example.com,Bengaluru,2025-11-26
C10133,Shreya Singh,shreya.singh10133@example.com,Pune,2025-11-27
C10134,Priya Rao,priya.rao10134@example.com,Delhi,2025-11-27
C10135,Amit Verma,amit.verma10135@example.com,Hyderabad,2025-12-06
C10136,Rahul Mehta,rahul.mehta10136@example.com,Pune,2025-12-08
C10137,Manish Reddy,manish.reddy10137@example.com,Chennai,2025-12-10
C10138,Kavya Menon,kavya.menon10138@example.com,Kolkata,2025-12-15
C10139,Nisha Menon,nisha.menon10139@example.com,Mumbai,2025-12-15
C10140,Riya Pillai,riya.pillai10140@example.com,Mumbai,2025-12-16
C10141,Arjun Nair,arjun.nair10141@example.com,Pune,2025-12-19
C10142,Ishita Nair,ishita.nair10142@example.com,Hyderabad,2025-12-23
C10143,Tanvi Gupta,tanvi.gupta10143@example.com,Mumbai,2025-12-24
C10144,Lakshmi Kulkarni,lakshmi.kulkarni10144@example.com,Bengaluru,2025-12-24
C10145,Lakshmi Reddy,lakshmi.reddy10145@example.com,Kolkata,2025-12-25
C10146,Divya Verma,divya.verma10146@example.com,Hyderabad,2025-12-28
C10147,Tanvi Mehta,tanvi.mehta10147@example.com,Hyderabad,2026-01-07
C10148,Harsh Iyer,harsh.iyer10148@example.com,Mumbai,2026-01-11
C10149,Gaurav Iyer,gaurav.iyer10149@example.com,Kolkata,2026-01-13
C10150,Vikram Joshi,vikram.joshi10150@example.com,Delhi,2026-01-15
C10151,Neha Singh,neha.singh10151@example.com,Delhi,2026-01-15
C10152,Varun Rao,varun.rao10152@example.com,Bengaluru,2026-01-16
C10153,Tanvi Kulkarni,tanvi.kulkarni10153@example.com,Ahmedabad,2026-01-17
C10154,Aditya Singh,aditya.singh10154@example.com,Mumbai,2026-01-23
C10155,Priya Das,priya.das10155@example.com,Hyderabad,2026-01-29
C10156,Lakshmi Nair,lakshmi.nair10156@example.com,Mumbai,2026-01-31
C10157,Divya Iyer,divya.iyer10157@example.com,Mumbai,2026-02-05
C10158,Karan Joshi,karan.joshi10158@example.com,Chennai,2026-02-13
C10159,Ishita Rao,ishita.rao10159@example.com,Pune,2026-02-14
C10160,Deepak Rao,deepak.rao10160@example.com,Chennai,2026-02-14
C10161,Harsh Gupta,harsh.gupta10161@example.com,Hyderabad,2026-02-16
C10162,Nisha Shah,nisha.shah10162@example.com,Chennai,2026-02-19
C10163,Amit Chopra,amit.chopra10163@example.com,Hyderabad,2026-02-22
C10164,Lakshmi Singh,lakshmi.singh10164@example.com,Mumbai,2026-02-23
C10165,Ishita Joshi,ishita.joshi10165@example.com,Chennai,2026-02-26
C10166,Deepak Kulkarni,deepak.kulkarni10166@example.com,Pune,2026-02-27
C10167,Sneha Nair,sneha.nair10167@example.com,Chennai,2026-03-02
C10168,Amit Bose,amit.bose10168@example.com,Kolkata,2026-03-07
C10169,Pooja Agarwal,pooja.agarwal10169@example.com,Bengaluru,2026-03-08
C10170,Gaurav Chopra,gaurav.chopra10170@example.com,Delhi,2026-03-10
C10171,Priya Verma,priya.verma10171@example.com,Hyderabad,2026-03-11
C10172,Rahul Chopra,rahul.chopra10172@example.com,Delhi,2026-03-12
C10173,Sneha Desai,sneha.desai10173@example.com,Ahmedabad,2026-03-12
C10174,Ishita Verma,ishita.verma10174@example.com,Delhi,2026-03-17
C10175,Harsh Das,harsh.das10175@example.com,Bengaluru,2026-03-19
C10176,Ishita Chopra,ishita.chopra10176@example.com,Chennai,2026-03-20
C10177,Kavya Reddy,kavya.reddy10177@example.com,Mumbai,2026-03-22
C10178,Riya Agarwal,riya.agarwal10178@example.com,Delhi,2026-03-22
C10179,Lakshmi Desai,lakshmi.desai10179@example.com,Chennai,2026-03-23
C10180,Riya Mehta,riya.mehta10180@example.com,Hyderabad,2026-03-31
C10181,Nikhil Verma,nikhil.verma10181@example.com,Pune,2026-04-02
C10182,Tanvi Menon,tanvi.menon10182@example.com,Chennai,2026-04-03
C10183,Deepak Menon,deepak.menon10183@example.com,Chennai,2026-04-04
C10184,Manish Pillai,manish.pillai10184@example.com,Bengaluru,2026-04-05
C10185,Siddharth Singh,siddharth.singh10185@example.com,Delhi,2026-04-05
C10186,Meera Reddy,meera.reddy10186@example.com,Kolkata,2026-04-07
C10187,Deepak Iyer,deepak.iyer10187@example.com,Delhi,2026-04-09
C10188,Divya Desai,divya.desai10188@example.com,Delhi,2026-04-10
C10189,Lakshmi Joshi,lakshmi.joshi10189@example.com,Delhi,2026-04-15
C10190,Neha Joshi,neha.joshi10190@example.com,Bengaluru,2026-04-17
C10191,Riya Sharma,riya.sharma10191@example.com,Kolkata,2026-04-20
C10192,Arjun Pillai,arjun.pillai10192@example.com,Hyderabad,2026-04-27
C10193,Manish Chopra,manish.chopra10193@example.com,Ahmedabad,2026-04-30
C10194,Arjun Shah,arjun.shah10194@example.com,Delhi,2026-05-13
C10195,Anjali Agarwal,anjali.agarwal10195@example.com,Pune,2026-05-17
C10196,Manish Das,manish.das10196@example.com,Ahmedabad,2026-05-21
C10197,Ishita Kulkarni,ishita.kulkarni10197@example.com,Mumbai,2026-06-01
C10198,Arjun Shah,arjun.shah10198@example.com,Delhi,2026-06-08
C10199,Neha Verma,neha.verma10199@example.com,Chennai,2026-06-09
C10200,Aditya Bose,aditya.bose10200@example.com,Kolkata,2026-06-10
,Aditya Desai,aditya.desai10087@example.com,Bengaluru,2025-08-13
C10095,Anjali Rao,anjali.rao10095@example.com,Bengaluru,2025-09-11
C90002,Shreya Shah,shreya.shah10102@example.com,,2025-09-23
C90003,Nisha Chopra,nisha.chopra10041@example.com,Kolkata,not-a-date
